Name,Phone Number,Email,Company,Job,Time,SSN,Zipcode,License_Plate
"Campbell, Shane",+1-656-665-7534x228,christopherjohnson@example.org,Douglas Group,Estate manager/land agent,505685518.5244308,"('816-64-5844',)",32364-4866,2025MP GOO-9487
"Miller, Sean",001-689-986-3962x703,timothy05@example.com,Robinson-Burke,Operational investment banker,778864646.2931094,"('034-52-4909',)",74591-7919,2030PW ODI X75
"Potter, Brandi",(561)388-2071,hnewton@example.com,Bailey-Tran,Podiatrist,1601785185.394148,"('175-76-7135',)",08175-1071,2029RI Y83 8NM
"Arnold, Sylvia",(557)532-6412x594,elittle@example.org,Wallace Inc,Careers information officer,35716530.67515732,"('076-11-7473',)",38660-3410,2023DE 960K
"West, Victor",(381)595-0052x14096,jacobscorey@example.net,"Duncan, Flynn and Pham",Clinical psychologist,116842768.54865675,"('049-09-8852',)",70769-0335,2028OK ABW 560
"Howell, Wanda",3729932656,courtneywilliams@example.org,"Horton, Adams and Crawford",Energy engineer,479639844.36228657,"('187-73-0625',)",72711-0062,2029ID LRC 084
"Lopez, Nicholas",001-882-571-9299x075,richard40@example.com,"Pratt, Caldwell and Allen",Child psychotherapist,612914864.3299326,"('231-08-6626',)",61643-5813,2029TN 996 9GZ
"Rivera, Shawn",001-325-896-6386x11856,garcianicole@example.net,Sanchez-Frey,Operational researcher,95827230.91295032,"('280-02-5708',)",93898-5289,2028VI 52-0978D
"Chavez, Mark",885-787-4097x4349,maysnicolas@example.org,Arroyo Group,"Secretary, company",724194622.9565927,"('018-78-0105',)",14464-3853,2023DC QMS-686
"Mcpherson, Kara",604.621.1178x7165,joy93@example.org,Anderson and Sons,Tax adviser,1318755526.666613,"('754-71-3068',)",06497-0954,2030HI 8QG A53
"Moore, Tyler",(675)786-8030,lambertmichael@example.net,"Murphy, Clark and Roberts",Community education officer,977800988.5549875,"('358-58-3755',)",55969-0410,2028GA IZ-8403
"Mullins, Jason",(336)504-6585x1589,srobertson@example.com,"Clark, Burton and Newman",Audiological scientist,240126964.4221627,"('747-65-9441',)",94962-2813,2025WA 874 IAC
"Jordan, Leroy",4528173371,staceyrojas@example.org,"Rogers, Barnett and Morris","Geologist, wellsite",1001257241.2153876,"('669-04-5960',)",14822-1827,2030DE W84-PGS
"White, Cindy",+1-302-991-9739,blang@example.org,Ford Group,Archivist,1562828321.413736,"('005-02-3706',)",60516-8761,2023NE 4Z 3265T
"Perez, Kyle",374.869.5901x202,carla85@example.com,"Ewing, Johnson and Anderson","Sales professional, IT",285503823.15809083,"('499-27-3992',)",66254-3708,2027AS GGY-163
"Mcdaniel, Garrett",(781)341-9029,lynnbarnes@example.com,Griffin-Leon,Industrial/product designer,1070799148.7960143,"('801-48-3336',)",91928-0004,2028WA 339-YKT
"Hill, Sean",+1-447-917-7095x30227,tgreen@example.org,"Guerrero, Baker and Vincent","Radiographer, diagnostic",692348682.2056154,"('022-84-4274',)",10017-3579,2023UT XZE 5936
"Atkins, Kathleen",364-779-9610x7050,chad53@example.com,Kline-Dominguez,Biomedical engineer,73192421.23370582,"('886-34-2689',)",60706-0142,2023RI 7BA7546
"Williams, Molly",766-951-0087x7866,psmith@example.net,White Inc,Magazine features editor,51399327.233310476,"('209-27-7266',)",62113-7779,2030WV SE 14914
"Mcdonald, Cassandra",527.887.3327x1585,jperkins@example.org,"Nguyen, Sullivan and Contreras","Accountant, chartered",589183553.6471145,"('395-94-5733',)",96525-4044,2030IN 7KP9439
"Kim, Gerald",001-597-715-0696,kimberlymorgan@example.org,Contreras-Lloyd,Colour technologist,11085668.25901845,"('501-57-4002',)",56551-2366,2027PA HON 502
"Allison, Crystal",+1-243-495-1692x62101,patricia28@example.net,"Daniel, Lynn and Clark","Designer, blown glass/stained glass",811894667.8847791,"('735-10-0738',)",99536-0081,2023IL AFY-3151
"Li, Lisa",(867)286-0227x86512,smithscott@example.com,"Cruz, Monroe and Nichols",Operational investment banker,137532583.93838382,"('483-01-7802',)",96222-2497,2026NH 596-JNO
"Shelton, Stacie",386.736.9890x589,barrymichael@example.org,"Molina, Henderson and Charles",TEFL teacher,1654246452.113344,"('396-29-1482',)",15927-4712,2027MT M85 8GI
"Dickerson, Gregory",375.708.0647x01482,allison65@example.net,Hayes Group,"Engineer, manufacturing systems",1466888878.0852444,"('110-98-9925',)",81370-4403,2028KY PN 38229
"Martin, Edward",+1-883-916-2217,adam43@example.org,"Powell, Lawson and Flynn",Graphic designer,1726600321.5387783,"('344-99-7307',)",73346-0289,2029LA HET 920
"Nelson, Morgan",326.679.3264x81393,huffpeter@example.net,"Smith, Vazquez and Hoover",Animator,940817233.5577632,"('739-38-5286',)",24732-3518,2024VT ZFK 565
"Martinez, Michele",+1-746-857-5291,garrettnancy@example.org,"Ortega, Hill and Ray","Editor, commissioning",104422329.69512141,"('759-96-9026',)",66396-1074,2026AS HLR 568
"Rivera, Justin",(604)927-3403x385,melissa54@example.com,Kaufman-Smith,Actuary,591508526.0327575,"('579-63-1234',)",79738-3549,2023MP 7SW F95
"Bowman, Jeremiah",+1-297-914-6576,davidholmes@example.org,Bell-Parker,Fine artist,1412412974.781449,"('573-51-7681',)",10577-0325,2029KS GHL 760
"Lawson, Lisa",+1-881-636-8622,gutierrezkelly@example.org,Jones-Davis,Camera operator,656583868.8244777,"('360-70-6686',)",89375-9237,2024AZ MRT-4970
"Cruz, Tricia",(388)656-5403x58557,fbarrera@example.net,"Berry, Sanders and Mcclure",Data scientist,1263322486.9208012,"('561-86-9595',)",98021-2953,2026WY BGD6117
"Rivera, John",001-902-994-1371,fcampbell@example.net,Martinez Ltd,Holiday representative,859377989.1880864,"('186-99-1054',)",47643-6462,2024WI UEQ4281
"Cochran, Tyler",001-321-984-6051,angela71@example.com,"Perez, Powers and Reeves","Doctor, hospital",832694567.3238677,"('570-06-7779',)",24972-4048,2027NY 0E433
"Cross, Allison",7112875432,masonjustin@example.net,Rodriguez-Mueller,Water engineer,535617661.38182557,"('672-53-5750',)",52238-9291,2028PR D84-69A
"Torres, Carmen",(655)659-4556x829,vanessagonzalez@example.net,Schwartz-Wiley,"Development worker, community",1311379507.0661576,"('007-85-7232',)",34225-1956,2023LA 5Q 22914
"Reyes, Jessica",832.980.1729x6308,xparker@example.com,Lee Ltd,Management consultant,820135077.5589192,"('487-30-1226',)",83656-2366,2030PR 121DMD
"Figueroa, Taylor",887-951-7216,ifisher@example.org,Guerra-Carrillo,Manufacturing engineer,1201195852.5607436,"('356-89-1567',)",90704-7161,2026ME 739559
"Scott, Jason",001-705-320-4445x9871,wsmith@example.com,"Moore, Johnson and Crane",Water quality scientist,1523115965.2541416,"('625-13-8562',)",44212-5547,2029LA 7H370
"Duke, Matthew",001-953-224-0224x519,xcole@example.net,Love-Rogers,Cabin crew,581866298.1136663,"('393-32-9493',)",61567-4899,2023ND ZYW 347
"Morales, Daniel",+1-626-557-7978x71465,uhenry@example.net,Clark and Sons,Quantity surveyor,878315896.2684362,"('516-66-8863',)",52263-2916,2030HI HUI-350
"Hinton, Steven",662-976-7444x50852,waltersjesse@example.net,Holland-Russell,Geoscientist,494595130.11045086,"('693-45-6234',)",17841-2091,2025VA 54W 5126
"Suarez, Susan",295.986.0514,acampbell@example.com,Rodriguez-Carroll,Purchasing manager,308555657.9596303,"('568-44-0041',)",80873-7203,2027NC OWD 535
"Roach, Rachel",+1-926-593-9871x215,epoole@example.org,Garcia-Nguyen,Secretary/administrator,829923655.5833261,"('435-98-3739',)",76467-6143,2029AS 092 WCI
"Hunter, Kimberly",(575)305-6771x1947,charles70@example.net,Murphy-Wallace,"Exhibitions officer, museum/gallery",1389890937.7784712,"('504-36-5782',)",75168-6826,2028NH 272-ICT
"Stanley, Joseph",001-281-720-5614x90133,ecooper@example.com,Daugherty LLC,Minerals surveyor,1358502605.0473232,"('810-69-1530',)",66792-5504,2023MH PKS 896
"Hammond, Dennis",(825)778-0538x685,wwatson@example.com,Tran-Taylor,Recycling officer,286153038.9494693,"('753-66-3429',)",29203-5395,2030OR 758-BSS
"Chen, Megan",001-203-793-2912x63016,danielfuller@example.net,Sanchez and Sons,Public affairs consultant,327966907.3894731,"('379-37-8971',)",12029-7117,2030WA KWU 261
"Williams, Marilyn",001-847-348-4024x91040,christopher25@example.com,"Holmes, Taylor and Murphy",Garment/textile technologist,761580791.063213,"('596-73-4217',)",73740-7845,2024DE 629 WYZ
"Chandler, Michelle",217-399-8565x4048,clarktara@example.com,Arroyo PLC,Maintenance engineer,1687345290.629759,"('561-10-5161',)",63441-5043,2025CT 9680 FH
"Cook, Victor",+1-763-894-9765x312,courtneyhunt@example.net,Orr Ltd,"Scientist, research (maths)",733801392.4603987,"('624-65-1627',)",35391-7461,2027WI 7IL W10
"Macias, James",001-816-864-3026x89429,jacquelinewalsh@example.net,Mason Group,Environmental health practitioner,1366242402.1320393,"('019-63-7735',)",57512-0023,2024NV 0FB 775
"Smith, Jared",408.487.9112,martinchristina@example.com,Lopez-Clements,Curator,514671889.24260825,"('503-39-9537',)",61621-2952,2026CO TQG 634
"Calhoun, Amy",(546)727-2783x3381,adrian38@example.com,"Williams, Salazar and Mccormick","Optician, dispensing",1511797859.5813086,"('313-43-1680',)",92038-9398,2030ND JWK 565
"Lopez, Travis",374-267-4107x64744,melendezjulia@example.org,"Rios, Brock and Davis",Site engineer,606681500.8275398,"('605-66-9771',)",06707-2780,2024WA 7JF D65
"Chan, Jonathan",(257)655-1059,johnwilliams@example.org,"Mora, Powers and Jordan",Copy,70289998.1091182,"('657-03-7155',)",57618-5939,2027FL HXY2797
"Cervantes, Alison",001-548-351-9164,wvelazquez@example.org,"Hodges, Koch and Carrillo",Market researcher,374176633.8326548,"('355-94-0263',)",46203-0326,2027MD GN 5952
"Beltran, Anthony",+1-929-866-7413,vrogers@example.net,"Peterson, Hunt and Miller",Learning mentor,1083380114.952661,"('225-34-3781',)",61732-8363,2029RI TBM-6598
"Gomez, Kenneth",556.971.4021,josephstephen@example.com,"Hodges, Fernandez and Wade","Administrator, charities/voluntary organisations",1257598176.7389624,"('042-23-2192',)",66946-5780,2025IN F 932295
"Casey, Donald",(378)316-7560,davisrenee@example.org,"Jimenez, Jones and Williams",Claims inspector/assessor,737048317.7079371,"('321-49-4886',)",92820-3122,2029OR 699 URO
"Murphy, Scott",(695)822-4784x58415,travis60@example.org,"Smith, Reynolds and Atkins",Acupuncturist,220196361.4663019,"('260-99-1299',)",95228-9695,2023AR 138 KUZ
"Gonzalez, Alexis",+1-917-203-0201x7309,phillip93@example.com,Fuentes LLC,Tax inspector,265092768.53312755,"('060-81-1070',)",76329-1303,2029AS EUW 299
"Green, Amanda",262.813.7850,gwilson@example.net,Jones Inc,Politician's assistant,1166434963.3089983,"('804-54-6613',)",69695-6087,2027OH 4W-YKBN
"Butler, Mandy",+1-284-951-8646x49062,tyler75@example.com,Duran PLC,Medical technical officer,353786366.6060902,"('011-60-1778',)",28451-0770,2028DE 3436
"Mcmillan, Michael",001-512-665-8882x753,jacqueline00@example.net,"Fischer, Baker and Andrews",Animal technologist,1100964721.030118,"('384-22-6265',)",55320-8420,2023ME 96-97931
"Allen, Tyrone",(788)978-5401,reyesdaniel@example.org,Phillips Inc,"Engineer, aeronautical",1622388882.7742336,"('415-82-2364',)",52206-9308,2026WA 7FE T58
"Hester, Tyler",001-439-267-7039,kmclaughlin@example.com,"Green, Terry and Morris",Copy,1752313677.8804126,"('876-67-5509',)",29391-8079,2027CA 408-RFE
"Sanders, Jacob",+1-593-846-0830x788,thomasmargaret@example.com,Stevenson PLC,"Administrator, Civil Service",270295088.6329417,"('040-23-8078',)",84072-6086,2026NC ZMX 016
"Thornton, Brandon",3803631778,smithscott@example.org,White-Hall,Bookseller,1471324263.7885778,"('384-76-9465',)",81489-4957,2025IL 3FR A46
"Lawson, Tanya",(483)635-7903x194,daltonjoseph@example.org,"Garrison, Valdez and Gutierrez",Nature conservation officer,1733676936.7296295,"('369-55-2076',)",89681-9008,2025NY MQM 470
"Taylor, Renee",853-770-9480,phernandez@example.net,Henry Ltd,Music therapist,1050921971.9118191,"('632-90-4791',)",12044-5329,2030LA YGJ-873
"Lawson, Larry",+1-909-806-9359,nyoung@example.com,Butler Ltd,"Therapist, drama",1159793838.740645,"('707-76-2320',)",37276-5442,2030DE LAV6160
"Hardy, Angel",+1-639-865-4796x0944,meyermelody@example.net,Evans Group,"Therapist, speech and language",1396680078.140113,"('132-28-8700',)",09640-9510,2028OK N39 9BN
"Mccarty, Emily",247.964.0270x517,nichole97@example.org,Riley-Smith,Mudlogger,1290578478.1969817,"('053-57-2139',)",09404-0007,2030NE 6887
"Moore, Wayne",624.978.0551,jennifer83@example.org,Gibbs Ltd,Corporate investment banker,1177458391.307331,"('185-39-3017',)",40365-2720,2028MO KEB 444
"Carey, Sandra",467.761.4587x50883,zwilliams@example.org,Perez Group,Systems analyst,198110360.1536085,"('447-82-2651',)",08873-5551,2024VT SVC-127
"Smith, Courtney",001-794-321-7408,mccullougheric@example.org,Blake Ltd,Garment/textile technologist,199545151.574496,"('614-64-1870',)",62630-5560,2023HI QC3 T6Y
"Bennett, Joshua",(930)462-7188x3562,eric99@example.com,Cannon-Chapman,Operational researcher,722592055.3084319,"('020-84-1628',)",11272-9647,2023PA KZ 2508
"Reilly, Chad",(272)837-1596x1606,melissa20@example.net,Harvey PLC,Chiropodist,178345857.9501289,"('795-30-7523',)",45406-8978,2024SC 5OD9094
"Shelton, Alexander",(459)622-1397x9983,jacquelinemullins@example.com,"Williamson, Hensley and Wolfe",Building surveyor,94155031.63155782,"('087-07-5545',)",28852-4130,2030UT 03-8814U
"Jackson, Gregory",(395)803-4013x33887,swalker@example.com,Murphy LLC,IT technical support officer,326554397.2739723,"('144-13-3822',)",94770-1671,2030IN 490988
"Cruz, Jessica",(382)383-1813x48467,hicksbarry@example.org,"Thompson, Campbell and Schmidt",Medical laboratory scientific officer,1694200525.0624204,"('247-61-2509',)",73440-4845,2029SC WUE-313
"Schwartz, Benjamin",692.522.9629x7419,cbaker@example.com,Clark-Velazquez,Product/process development scientist,636647830.8164558,"('646-05-4320',)",27449-2630,2025ME 798 OPK
"Robertson, Richard",+1-416-896-7274,cookjohnny@example.net,"Cunningham, Stafford and Walker",Advertising copywriter,1619380262.6845698,"('871-41-0406',)",16007-8707,2024NV MOE-308
"Reeves, Jacqueline",840-795-5517,patelluis@example.org,"Nixon, Thomas and Reyes",Patent examiner,69322499.35448602,"('564-16-1279',)",77395-7970,2025WY 92-LN36
"Newton, Lauren",544-628-7195x885,robert39@example.org,"Nelson, Johnson and Thomas",Medical technical officer,432328324.1241032,"('828-09-6593',)",22412-9854,2025CT VUG0846
"Terry, Rachel",(385)535-1689,mirandajulie@example.org,Santiago-Wilson,Medical illustrator,824512256.8676841,"('506-81-7273',)",78199-6202,2025OR BXJ-725
"Saunders, Stephen",692.993.4228x58335,katherinesexton@example.net,Ingram-Gonzalez,Arboriculturist,357804275.3234721,"('352-66-3214',)",73153-6890,2025FL L65 6MY
"Day, Natasha",001-357-901-0068x71768,markssherry@example.net,Davis-Dalton,Animal technologist,914404421.3115537,"('693-23-3988',)",53029-8800,2030AK 487CB
"Daniel, James",7919558014,peter98@example.net,"Heath, Patterson and James","Designer, interior/spatial",1202409735.8124707,"('639-62-6510',)",34601-5517,2027ND 689-WOJ
"Pace, Douglas",(938)635-4671x17302,karen20@example.org,"Hall, Phillips and Hernandez",Print production planner,90927092.88352437,"('724-48-9576',)",51546-8890,2029IN 6Y-UQTM
"Carter, Rebekah",001-671-746-9711,hdoyle@example.com,"Hayes, Williams and Alvarez",Camera operator,180640111.73104668,"('696-12-4181',)",06597-9366,2029RI DCI-068
"Cain, Diana",785.800.7320,gravesmike@example.com,Garcia Ltd,Drilling engineer,201219690.6530878,"('495-41-3868',)",71734-6476,2027MN LTF 096
"Walls, Molly",(518)469-0135x649,natashamcdonald@example.org,Whitaker Group,Advertising account planner,945082403.8787143,"('092-39-2215',)",56867-8241,2024OK W51 0DF
"Watson, Rebecca",+1-349-271-4445x7400,kathryn89@example.org,"Lowe, Davis and Navarro","Nurse, mental health",1110010969.4495153,"('512-87-0381',)",14689-7706,2030WA Y52-70D
"Hart, Michelle",001-372-689-4747x9689,schroedersamantha@example.net,"Morrison, Morgan and Blake",Patent attorney,1737071958.2090116,"('396-62-7535',)",64233-9798,2030FM TPC9090
"Nelson, Nicholas",713-276-9063,aestes@example.com,Carter-Krueger,Sports therapist,727622064.2717837,"('548-40-9032',)",23742-7973,2029AK LTE 134
"Ortiz, Joshua",+1-682-697-2124x627,jenkinsdawn@example.com,"Wang, Boyd and Robinson",Financial manager,757780954.4830433,"('088-60-8594',)",81282-3686,2027NM BPW-5833
"Foster, William",929-675-1017x63625,michellepennington@example.com,"Howard, Williams and Parker",Politician's assistant,942998059.3831216,"('338-99-1900',)",71606-7005,2023NY CIR-1852
"Davila, Candice",722-731-6092,randy34@example.net,"Williams, Tyler and Lucas","Surveyor, land/geomatics",94281352.02911817,"('585-68-3250',)",56725-6951,2028MP 23X-DROL
"Phillips, Ellen",351.644.4095x47161,greerchristina@example.com,"Bartlett, Morgan and Johnson",Personnel officer,623127357.9570633,"('022-55-9409',)",50766-3493,2025NE 187-AAQF
"King, Amanda",352-703-3255x8132,ijones@example.com,Johnson PLC,"Production assistant, television",1714524968.7014103,"('582-09-7425',)",19405-5348,2026PW 239 KCL
"Miller, Joel",(641)667-5856x34683,corey10@example.com,Murphy PLC,"Engineer, materials",1062421401.358932,"('767-36-2222',)",26975-9342,2029NM EF7 M8K
"Haynes, Angela",440-685-8030,djohnson@example.net,Horton Group,Cartographer,449437708.7971347,"('442-54-4438',)",62539-2273,2028NJ KL 07646
"Wright, David",(874)954-7472x61136,wilsonashley@example.net,Cox-Hoover,Museum education officer,1091393265.634021,"('418-99-5934',)",42405-4892,2028CO LCL 418
"Anderson, Cory",(271)988-8857x5842,chad34@example.org,Sanford-Mccoy,Politician's assistant,674720976.8329136,"('434-74-3593',)",77156-5046,2030WA RTV0512
"Brown, John",3358417016,steven67@example.org,Miller-Cooper,Economist,296730868.4257804,"('670-36-2045',)",41165-2211,2027NH 208-872
"Benson, Jill",501-933-4334x24952,james58@example.org,Gilbert-Tucker,"Therapist, nutritional",482683275.5208961,"('713-39-4201',)",88234-1639,2023IL 8CW 039
"Blake, Kayla",+1-957-975-1688x0579,xsimpson@example.com,"Thomas, Phillips and Ray",Media buyer,1307721009.6758828,"('023-31-5803',)",52532-7362,2029VI M37-47Q
"Schmitt, Tina",+1-794-989-4352x23501,cgrant@example.com,Walker-Hughes,Barrister,843281882.8382128,"('868-59-3206',)",70619-7512,2030AK 821 IL6
"Downs, Lindsey",823.841.8813x7268,brent58@example.org,Whitney-Anderson,Animator,646700001.2419834,"('680-48-3359',)",90195-7678,2023WA YEJ 022
"Payne, Jeremy",(761)907-3708x8635,perezsteven@example.net,Alexander Ltd,Airline pilot,467298548.0230745,"('745-50-3464',)",89369-3801,2027MD 466 ZPX
"Hunt, Jennifer",(870)931-3311,tsmall@example.net,Hughes and Sons,Minerals surveyor,1418566380.2385743,"('139-87-1767',)",56235-7595,2028IL 59HS060
"Davis, Madison",482-212-1116x826,odonnellbrenda@example.org,Williams-Reese,"Engineer, electrical",483887264.94685006,"('153-48-3471',)",63369-0337,2029WA 281 SLK
"Ortiz, Jacqueline",853.523.6820x02985,bradley22@example.org,"Rice, Frazier and Hughes",Economist,97101764.99747874,"('899-93-1463',)",84809-4826,2025MS 0552 OP
"Hawkins, Brenda",312-848-2577,timothyperez@example.com,Simon-Walsh,Interior and spatial designer,1405355801.0878754,"('445-01-8739',)",32281-3152,2028NE ELC O92
"Torres, Laurie",+1-804-996-3234x953,joshuaweaver@example.com,Marsh Inc,Regulatory affairs officer,502871004.13499725,"('663-72-6485',)",60834-7288,2030FL 4P 4733G
"Collins, Jennifer",670.683.8645,rosalesgarrett@example.org,"Brown, Reed and Francis",Therapeutic radiographer,259645191.83154386,"('508-89-7773',)",03062-8160,2028IA 531-DOX
"Martin, David",001-386-437-6257,nicolelindsey@example.com,"Brown, West and Mcdonald","Pilot, airline",790565176.8964741,"('811-89-9167',)",39924-0933,2027VI 9GS 224
"Rocha, Jodi",282-374-4168x064,jeanette44@example.net,Avila-Gutierrez,Retail buyer,1391205469.2143776,"('617-15-5586',)",07878-8579,2024LA 1TJ 328
"Krause, Courtney",5545470736,nathaniel53@example.com,"Carson, Kent and Baird","Engineer, technical sales",663708992.5332232,"('706-25-3257',)",45445-8907,2023IA ROJ 5075
"Hall, Rachel",688-503-1027,colebrenda@example.org,"Velez, Sanchez and Hernandez",Rural practice surveyor,217724364.69114348,"('679-61-3692',)",75716-1345,2028RI G93 2AA
"Howard, Rebecca",400-267-0180x2171,patricia97@example.net,"Rhodes, Humphrey and Mcgrath",Hospital doctor,984313319.9461013,"('810-97-0774',)",96608-5776,2028LA 693 PSJ
"Macias, Brian",(378)822-0043x9579,christophermoore@example.org,Burns Group,Communications engineer,576355472.6678046,"('097-65-2713',)",66715-7623,2024LA KSA 737
"Perry, David",(738)660-9714x0856,jessica80@example.org,Wilson Ltd,Information officer,957994442.7985879,"('873-19-0239',)",32210-7384,2025GA 5K O4439
"Parker, Stephen",+1-764-930-2942x455,james13@example.net,Webster-Soto,Restaurant manager,548899504.1980217,"('627-85-8501',)",36059-3671,2030TN HKK 614
"Davis, Brian",257.419.1574,zwilliams@example.org,Baxter Group,"Psychologist, clinical",233958540.88068488,"('354-59-6498',)",96330-8932,2027PW 573-TJI
"Charles, Vickie",752-733-5425,ahicks@example.org,"Green, Ross and Gonzalez",Youth worker,1290261436.2059636,"('691-27-4641',)",82016-7638,2024IN HPM 885
"Wong, James",8653863557,howardlindsay@example.org,Jones-Thomas,"Psychologist, counselling",1426106087.7757826,"('897-09-6501',)",55334-4604,2029CO FVD 569
"Gonzalez, Jamie",001-402-925-1410x255,robertmiranda@example.com,Patterson Ltd,Water engineer,299224662.5159399,"('584-80-0600',)",32359-8194,2025ND MTP 917
"Richardson, Matthew",473-520-9299,mercersteven@example.net,"Watkins, Little and Clark","Administrator, sports",1568995791.889434,"('172-37-4826',)",85429-2923,2025GU 6-59407A
"Mendoza, Christopher",313-995-9641x42937,tiffanyhernandez@example.org,Douglas-Simmons,Corporate treasurer,1359448923.151135,"('639-15-4753',)",57484-6764,2026FM 0658 VG
"Jackson, Brandon",243.948.0937x2568,christopher49@example.com,Hester Inc,"Optician, dispensing",1569095504.0761323,"('827-43-8628',)",65232-3096,2024IL MIH 290
"Nunez, David",430-614-0480x81413,ralph73@example.net,Arnold-Buchanan,Community arts worker,636661363.0139501,"('158-69-8388',)",35874-9856,2026MT 206 XQA
"Reyes, Marcus",+1-771-876-1073x51324,ryancross@example.net,Cross-Cooper,Environmental education officer,893893612.9965376,"('813-75-3030',)",73452-7505,2027OH 7BY M92
"Moreno, Kimberly",270.858.2897x81280,savagealec@example.com,"Hale, Smith and Perry",Visual merchandiser,643328670.470391,"('656-15-2822',)",79018-7553,2024VA PRC 9938
"Campos, Lori",204-944-3449x725,lisa77@example.org,Cochran Inc,Logistics and distribution manager,1622605083.1221697,"('488-78-0839',)",10774-0573,2025AR 0GI7163
"Martinez, Andrew",001-307-681-7288x21723,petersonrobert@example.org,"Shea, Patel and Mckinney",Translator,247084681.67375588,"('339-90-5848',)",06960-4890,2023PW 72-17476
"Morton, Thomas",(771)890-2840,angela94@example.net,Malone-Grimes,Chief Technology Officer,241773272.23625466,"('121-12-0336',)",38582-3298,2030OK WKF-274
"Jacobson, Ray",633-789-5205,meyersfrank@example.org,"Bennett, Lucas and Garcia",Records manager,771375299.412693,"('563-38-3386',)",20949-3038,2030WV 2JQ Q03
"Jones, Samuel",001-526-850-5096,catherine54@example.net,"Cordova, Mann and Terry","Surveyor, building",976545375.1795617,"('776-27-0069',)",32729-0293,2029SC 1WX M79
"Ortega, Linda",2968638170,fordbrittany@example.org,Liu-Castro,Further education lecturer,1100787133.2497954,"('096-95-0462',)",65856-2620,2027MN 648-DLE
"Taylor, Randy",(870)411-8615x08882,melissa27@example.net,"Hill, Simmons and Hernandez",Hydrologist,284351133.58238864,"('167-21-1606',)",58440-3650,2025FM 234 3871
"Garza, Catherine",884-312-9800x65057,wesleytaylor@example.org,Garcia-George,Ecologist,1202732690.9971092,"('465-93-6370',)",85262-4544,2025TN 259 JUU
"Kane, Mario",(551)767-9880x604,haleychristopher@example.net,Mcclain-Day,"Teacher, music",1207837258.3485897,"('026-76-5724',)",79570-9000,2026MD ACF 018
"Mcguire, Laura",896-742-7269x37679,qmiller@example.net,"Davis, Duffy and Thornton",Paediatric nurse,1397604162.8782732,"('101-16-9332',)",35523-3456,2029MA 775 KLR
"Fuller, Matthew",292-490-7902x14757,sancheztammie@example.org,Jenkins-Baker,Biomedical scientist,814393555.3216463,"('110-78-0257',)",28538-8449,2023PW VIC 765
"Wood, Alfred",358.395.5219,erichayes@example.org,Moss and Sons,Scientific laboratory technician,190258055.65000084,"('762-28-9883',)",19534-8322,2029MO 7VB 042
"Phillips, Nicholas",880.889.6796,santiagodaniel@example.org,"Ferguson, Palmer and White","Pharmacist, community",865059070.6529008,"('572-66-5002',)",19169-2778,2027CA 3085 LS
"Bennett, Bradley",857-307-8989,parkermatthew@example.org,Johnson Group,"Engineer, maintenance (IT)",103580793.91864628,"('161-44-1136',)",01144-1981,2024IL 9W203
"Smith, Steven",8952947541,spencerdavid@example.net,Pierce-Walker,Event organiser,50308918.71990215,"('075-64-2987',)",89476-7812,2026WY 02YA658
"Mcmillan, Manuel",957.378.3145x2884,lmartin@example.org,"Jacobs, Sandoval and Evans",Town planner,1130849983.2242317,"('415-72-8853',)",22849-0520,2023CO 288 ZFE
"Henson, Phillip",847.552.9574x20663,autumn96@example.org,"Dean, Zuniga and Harris",Sport and exercise psychologist,60614972.47525679,"('178-69-7881',)",39701-3088,2027AZ ZDI 290
"Perez, Diana",+1-272-845-0022x863,vincentporter@example.net,Gomez Group,Actor,659392005.8271565,"('275-42-5644',)",98631-0176,2029KY 3T 8C0FVL
"Mason, Alison",802.899.5058x48039,laura14@example.com,Nelson LLC,"Education officer, museum",1332211068.2282405,"('685-21-5374',)",44235-1230,2025ID CQV-806
"Riley, James",(723)961-9491x61372,justin47@example.org,"Lewis, Wood and Bauer",Structural engineer,1569285051.3017516,"('743-02-9928',)",72211-6534,2027AR I14 2RB
"Contreras, Heidi",+1-640-893-5005x486,stacymitchell@example.com,Deleon-Cochran,Camera operator,668743380.3008115,"('326-39-2668',)",74620-7146,2026KS 4NA3211
"Schneider, Courtney",(872)848-8261,adamsmark@example.com,Le Ltd,"Surveyor, land/geomatics",980869270.4947879,"('489-84-8597',)",67958-1975,2030NE BLT 907
"Adams, Ashley",(708)822-4669,qmcdonald@example.org,Daniels-Walker,Electronics engineer,1595422902.403457,"('219-36-7376',)",81478-1522,2025PR 7H 6707H
"Gilmore, Brittney",944.852.0574,jeremymills@example.net,"White, Jackson and Kaufman",Music therapist,1566606701.0143278,"('190-30-3549',)",76777-7566,2026HI 7-3393L
"Smith, Veronica",822-757-9237x97133,cartersamuel@example.com,Johnson-Perkins,Psychotherapist,1648718189.9565656,"('048-28-3112',)",82232-5640,2025NM YIV 746
"Proctor, Anthony",001-713-308-3060x582,debrabush@example.org,Webb Group,Investment analyst,458151798.5620248,"('633-56-6606',)",55921-7384,2028LA CYN 256
"Long, Eric",(530)983-4423x9735,pauljason@example.net,Ray-Meyers,Barrister,378662382.1960208,"('833-42-7564',)",45988-9216,2025TX TQ 39567
"Phillips, Anna",9279559292,pnorman@example.org,"Gray, Lopez and Robinson",Estate agent,822466276.0485145,"('547-50-2695',)",44254-7501,2024KY 0QD S13
"Thomas, Carlos",+1-787-402-3785,brittany57@example.net,Kaufman and Sons,Bookseller,513696380.3998622,"('164-80-9123',)",32010-5831,2027NH 170 IDP
"Diaz, Laura",2209594214,devinevans@example.net,"Evans, Acosta and Taylor",Broadcast engineer,1706483109.1189299,"('746-51-5724',)",66246-3520,2024NM 4-51521
"Ward, Tony",(306)272-9892,davidclark@example.com,Christian-Hernandez,Nutritional therapist,1071549909.0724766,"('106-36-8097',)",55684-1309,2026TX KMG 727
"Sparks, Angel",(536)440-2767,jwolfe@example.net,"Turner, Schmitt and Martin",Print production planner,25338989.076674063,"('682-36-6251',)",49086-3560,2028NV UKN 072
"Hunter, Lauren",975.894.2072x681,elizabeth74@example.com,Davis Ltd,Health physicist,573100714.1415608,"('622-86-3804',)",14824-0812,2030WI 767-PYB
"Dickerson, Brooke",594.446.7477x12047,weaverjoe@example.net,Barnes Inc,Holiday representative,631807828.1813598,"('003-49-2202',)",11163-4245,2026IL 4LL 406
"Moore, Michael",794-247-1249x51413,andrea57@example.com,Hamilton-Weiss,Tax adviser,102393852.90742713,"('514-73-6715',)",01371-8784,2027OK YYP-1750
"Morton, Shane",(508)906-0296x9275,smithgordon@example.net,Villa Ltd,"Nurse, mental health",1106204459.4478858,"('104-21-5396',)",89409-9795,2023TN 3946 IV
"Barnes, Anne",3048480519,perkinsmaria@example.org,Johnson LLC,"Engineer, maintenance (IT)",1690111357.9762332,"('388-10-3958',)",54299-6215,2024LA 3K L5106
"Lewis, Randall",5134895954,krystalperez@example.org,Woodward LLC,"Scientist, forensic",96975652.49309362,"('002-29-3636',)",51306-3928,2030VA RLV 170
"Hahn, Cheryl",9143228465,stewartjoshua@example.com,"Patel, Bright and Hernandez",Patent examiner,674752829.0233527,"('551-72-7704',)",45307-9975,2030TX 290-UVFV
"Middleton, Rachel",326-933-3441x6558,jeremiah82@example.org,Colon-Stanley,"Psychologist, forensic",1276605490.5969255,"('265-32-7212',)",60808-8926,2030AS 1151
"Burke, Brittany",996-929-2838x1108,eatonkayla@example.net,"Nguyen, Mahoney and Beard","Surveyor, quantity",621429997.4209523,"('827-13-8773',)",60106-9067,2030GU 952NNZ
"Middleton, Michael",543.364.0238,peterbaker@example.com,Golden-Powell,Product designer,1277044862.7773497,"('004-26-4717',)",36228-4122,2029OK 895-PNK
"Scott, Allen",406.902.8871,william77@example.org,"Robertson, Torres and Gordon",Clinical embryologist,1067717175.5092349,"('009-05-9453',)",33041-2172,2024AR 3Z-YQLU
"Rodriguez, Anthony",615-857-6707,debbieramsey@example.org,Morrison LLC,"Scientist, forensic",1295939198.715711,"('664-23-0803',)",43941-9463,2027MI B61 8RM
"Williams, Nicole",(642)222-9644,kathleen56@example.com,Hayes-Cruz,"Surveyor, land/geomatics",1736849629.9642873,"('553-22-7817',)",09469-2167,2030WV 823 LID
"Hill, Lindsay",553-229-8334x3202,victoria74@example.org,Willis Inc,Chief Strategy Officer,1003620308.9173868,"('112-96-2060',)",45812-2958,2024WA 129 5582
"Cox, Amanda",+1-481-552-4123x20278,kyle79@example.org,Rodriguez LLC,Ship broker,231525231.50652665,"('219-55-9331',)",80321-3181,2026VA MUV 567
"Hughes, Tiffany",001-330-994-6538x2603,carolfoster@example.com,"Ellison, Brown and Leach","Development worker, community",1406625218.7079446,"('108-94-3363',)",20897-9920,2024ND QYT 5445
"Burke, Erica",786-844-2523,rdoyle@example.com,Brown PLC,"Engineer, aeronautical",82213526.06741321,"('631-87-0191',)",50780-0652,2024TN L10 1VC
"Sharp, Benjamin",(327)823-4546x46421,hudsonjesse@example.net,Hodges PLC,"Engineer, control and instrumentation",885352707.79623,"('494-75-5056',)",83763-5955,2025MA 9YQ 632
"Kane, Jessica",(958)717-7009,bradleylisa@example.net,Flores-Meadows,Transport planner,390708273.57197994,"('357-17-3944',)",55222-2959,2027ID KVX 145
"Perez, Stephanie",(606)853-0360x7504,karen42@example.net,Fischer Group,Meteorologist,1090413948.9689229,"('099-76-5577',)",30281-5653,2025MP RVP 953
"Campbell, Christian",(930)720-0320x7470,nicholas90@example.net,"Petersen, Black and Porter",Ecologist,147393772.89470267,"('197-48-4676',)",28528-8864,2025OK AET 857
"Oliver, Shawn",708-544-9324,brandon01@example.com,Smith Group,"Scientist, forensic",290868877.7581084,"('082-21-3343',)",43811-2968,2023MA 258 8TT
"Middleton, Paul",(759)393-9662x640,hallmolly@example.org,Smith PLC,Medical sales representative,1291405737.7195206,"('730-64-2134',)",08846-0227,2026MH 71-AG09
"Johnson, Brian",(956)743-9973x283,jacksonjulie@example.net,"Miller, Larson and Lewis",Passenger transport manager,329755602.8181817,"('275-22-3587',)",55634-1214,2024ID 349 FOG
"Johnson, Catherine",(806)490-6844x6868,john82@example.net,Clark PLC,"Librarian, public",1347060344.207227,"('723-49-1658',)",69828-9870,2025AR KEJ 593
"Weaver, Kevin",4667180014,matthew87@example.net,"Schneider, Acosta and Davis",Social researcher,951322231.1507272,"('839-49-2145',)",67974-4468,2025IN EH9 3751
"Cruz, Stephen",833.369.9517,ssantiago@example.org,Lopez-Martin,Chief of Staff,101008659.46714196,"('528-91-0775',)",80766-3471,2023CO STA6825
"Porter, Louis",(714)203-2535x3896,vanessa54@example.com,"Woodard, Hodges and Harris",Chartered legal executive (England and Wales),438301934.19322383,"('462-75-1366',)",13688-5971,2030KY 509-TFN
"Ryan, Heather",001-399-781-0762x82656,saraquinn@example.com,Willis-Hill,Jewellery designer,1547412394.3753984,"('545-02-4075',)",11111-2716,2028PR 236JS
"Wilson, William",451.210.3903,aosborn@example.net,Bennett-Jones,"Designer, industrial/product",331560955.64087224,"('074-65-8298',)",77745-1274,2030MP 18Q 8596
"Tran, Alexander",229-906-3452,alexis86@example.org,Patterson and Sons,"Designer, ceramics/pottery",1227561327.109876,"('473-59-0375',)",46780-7485,2023MI 431MVZ
"Hill, John",750-533-5335,nmosley@example.org,Johnson-Moyer,Holiday representative,452076192.47383714,"('252-12-9669',)",59698-3296,2027MD 330-GRI
"Tucker, Shannon",(731)969-8261x82036,jeffreyconway@example.org,"Johnson, Anderson and Alvarez","Journalist, newspaper",1436874649.2318902,"('381-39-7641',)",60054-2671,2026WV 662 MIN
"Bailey, Amber",880-256-9978x4286,angelacarr@example.net,"Jones, Sanchez and White",Human resources officer,1684251456.141013,"('076-99-2392',)",60342-3766,2024MP 6-46861
"Le, John",224-436-2353x384,drewwhitney@example.net,"Williamson, Allen and Yates",Associate Professor,1489947356.5885894,"('585-73-5537',)",06318-3280,2027MP ZBW 823
"Freeman, Wesley",249-620-3612x3879,wilsonelizabeth@example.org,Sandoval PLC,"Surveyor, building",1074972147.6489973,"('598-36-6573',)",29752-9613,2026AR 662 0864
"Rice, Amber",+1-625-373-9735,blake44@example.net,Sims-Watts,Theme park manager,178844597.6971112,"('524-39-0469',)",49100-9968,2024ID 47A 532
"Salazar, William",(514)223-8767,bailey13@example.net,Marshall-Carrillo,Ergonomist,1248574452.1266956,"('846-71-0830',)",89489-9289,2027OR XAN2656
"Scott, Daniel",001-479-332-4820x246,jonathan20@example.net,"Burke, Long and Price","Administrator, education",1016561126.3864443,"('158-29-0653',)",45853-2810,2030CO 5N 6939X
"Thompson, Elizabeth",+1-343-233-3371x936,hamptonmartha@example.com,Payne Ltd,Speech and language therapist,804318479.4074509,"('154-34-0248',)",27851-0718,2025HI 224 8VJ
"Roberson, David",995-729-8604,robertgraham@example.org,"Benton, Thomas and Kelly",Waste management officer,1550702728.4147682,"('670-05-2735',)",39540-8629,2027MH EOK-767
"Walker, Natasha",(984)576-1678x8600,brettbarber@example.com,Rodriguez and Sons,"Engineer, petroleum",893478821.8760778,"('574-12-2357',)",89060-1013,2023IN COL 250
"Gibson, Kim",001-434-886-1528x314,jessicabryan@example.com,Paul Inc,Optometrist,1696434845.591049,"('294-19-5617',)",07434-3923,2028DC 8-W5255
"Clayton, Debra",480.714.4752x2638,sandracollins@example.net,Perez-Johnson,"Journalist, newspaper",583234713.3145467,"('355-57-8678',)",42116-6835,2024MD 298-OVA
"Hoffman, Tyler",(965)503-3235x1199,richardsonchristopher@example.com,Castillo Ltd,"Radiographer, diagnostic",1596676476.123269,"('883-53-0839',)",13350-7355,2024MI G27 0XI
"Cook, John",(262)927-6517x0604,eadams@example.net,Campbell-Harris,Charity officer,20700029.248776894,"('394-92-6568',)",91214-4718,2023UT 2PJY 28
"Nunez, Jeff",(750)431-7344x55576,christophermcgrath@example.net,Sanchez LLC,Equality and diversity officer,786110743.4208871,"('590-22-7276',)",23968-9623,2030MT 8WMP157
"Delgado, Craig",001-422-780-2242x67764,anthony28@example.org,Davidson-Sutton,Event organiser,288493746.21653533,"('675-23-8459',)",09391-7644,2028NC 694 ODZ
"Perry, Paul",879-378-1421,englishryan@example.org,"Atkins, Phillips and Weeks","Production designer, theatre/television/film",603735493.9343953,"('247-53-3107',)",46958-4460,2023MP HMP 937
"Terrell, James",425-506-7304x425,beth34@example.com,Davis-Stephens,Contracting civil engineer,1720144082.759927,"('268-75-0246',)",40046-0135,2024AR 2CZ E78
"Harris, Timothy",3264031772,longmegan@example.org,Nguyen-Moore,Radio producer,343172270.28488934,"('386-01-6802',)",94696-4055,2023WV 04-0654W
"Hobbs, Jackson",(557)293-3421,chris42@example.net,Harding-Walker,Lawyer,1186113306.0197022,"('497-08-0115',)",00723-3687,2028SD 483-ZPX
"Rodriguez, Derek",+1-215-452-1196,jessicabrown@example.net,Combs-Garcia,"Surveyor, hydrographic",1260758966.551534,"('055-77-7949',)",70568-4615,2029AL 699T
"Vazquez, Bobby",+1-640-561-1841x76427,lesliepowell@example.com,Hanson-Mcfarland,Sport and exercise psychologist,410809827.1757256,"('691-34-7323',)",46868-7035,2026NV 834933
"Berger, Maria",+1-407-597-1479x82872,pcarr@example.org,"Lee, Wood and Parker","Production assistant, television",40268698.69089823,"('496-37-9417',)",68072-2880,2027SD 333 6EH
"King, Brandy",200-433-8127x73481,dblackburn@example.org,Hill-Alvarez,Nature conservation officer,826376328.5271554,"('623-15-5048',)",27517-9823,2028SC 0S IG446
"Cunningham, Sandra",4335837008,shelbyking@example.com,Cantrell and Sons,"Merchandiser, retail",560434979.0546057,"('180-67-9311',)",90641-0459,2029MT 9DF B10
"Boyd, Shannon",458.423.0211x083,barryheather@example.com,Carter-Ferguson,Biomedical scientist,1269593583.1363509,"('297-96-5225',)",72298-2943,2028MO 403XXF
"Brown, Patricia",+1-860-777-0687x3682,alisonterry@example.org,Palmer-Melton,Health and safety inspector,1106770768.878621,"('520-10-9425',)",63211-3943,2023TN 8M X6415
"Martin, Tracy",(674)609-2801x6385,jordanamanda@example.org,Evans Inc,"Radiographer, therapeutic",55255583.96104216,"('461-28-8095',)",20169-3841,2030FM MHX 244
"Smith, Christopher",(997)874-1731,pamela59@example.net,"Lutz, Smith and Richards","Engineer, manufacturing systems",555707063.6115053,"('564-87-2231',)",30086-8396,2026NH 92-WX39
"Watkins, Daniel",001-579-625-9866x442,brittneyboyd@example.net,Campbell Group,Ranger/warden,1250711588.7360854,"('194-05-9604',)",92465-8844,2028OR MCZ3036
"Roach, James",(341)589-4723x5098,iolson@example.org,"Clark, Romero and Estrada",Medical laboratory scientific officer,598826269.2393988,"('132-46-7532',)",57212-4398,2023NV 588XUQ
"Miranda, Ashley",001-756-849-1495x73552,jeremy49@example.org,Cunningham-Rivera,"Psychologist, clinical",1591604122.810701,"('682-12-4034',)",35588-3911,2024PR U27 8PB
"Fleming, Roy",842.381.0613,taylorcassandra@example.net,Leonard Inc,"Scientist, forensic",1641603840.8622773,"('165-22-5615',)",50840-7008,2028MT 8B105
"Perez, Grace",001-305-987-2534x0522,norrisdevin@example.com,Mcknight-Mckinney,Clinical biochemist,66994862.061741,"('308-17-7321',)",48467-1857,2028MN SAM-6842
"Walters, Joe",237-415-7144x2670,osborneshawn@example.net,Santos Group,Mining engineer,56900895.97815191,"('400-03-8232',)",19600-8421,2028AR LBU 586
"Sampson, Tammy",988-536-4486,matthew03@example.org,Gonzalez-Hernandez,Farm manager,1227070585.703162,"('487-05-8059',)",15680-7700,2026IN 0227
"Brock, Shawn",4906684416,matthewlucas@example.com,"Rice, Wade and Nguyen","Radiographer, therapeutic",1653940669.9938745,"('816-13-2292',)",79983-2347,2024WV 0-85701
"Graves, Brian",001-302-322-6467x8225,kyle52@example.org,"Snyder, Lane and Maxwell",Charity officer,1183996164.993886,"('434-61-8547',)",35709-7414,2029PR UQM-1400
"Jensen, Jeffery",(626)467-4768x780,qespinoza@example.org,Hall Inc,Sub,937511135.8290459,"('389-69-0633',)",27009-7591,2030LA 880LLA
"Farley, Roger",+1-968-367-3937,jimmy21@example.net,Harvey and Sons,Event organiser,940590630.0323286,"('628-32-9724',)",17316-8982,2028RI AFP8353
"Stone, Maria",001-813-458-5754x1122,wjohnson@example.net,"Lucero, Andrade and Abbott","Nurse, learning disability",173127685.95398533,"('280-35-2770',)",97790-8897,2023CO EJB-4941
"Little, Nicole",+1-249-775-9362x5191,melissa11@example.com,"Smith, Martinez and Chen",Merchant navy officer,747085952.1875458,"('843-90-9085',)",61501-3582,2026VA 022-UJD
"Richardson, Kendra",782.521.1382x934,walkerelizabeth@example.net,Lyons-Rodriguez,Quality manager,225843817.79680434,"('850-46-4757',)",32319-8784,2026ND 862 4100
"Bush, Paul",(949)642-3805x9799,samuel05@example.com,"Miller, Martinez and Washington",Pathologist,1338371689.3269155,"('180-17-7781',)",51841-6574,2028NY 453 7KF
"Brown, Lauren",684-910-5456x17720,edgardoyle@example.com,"Shaw, Moran and Dodson",Special effects artist,1211054251.765104,"('819-35-4373',)",61804-6464,2030NM 2189 CE
"Smith, Troy",001-208-505-7824x968,rioschad@example.net,Davis-Williams,Chartered legal executive (England and Wales),1697991023.3032753,"('128-87-4427',)",70164-7347,2029AR 2N TW408
"Smith, Joann",+1-726-297-4828,gparker@example.net,Smith PLC,Operational researcher,1587717064.4891953,"('728-17-5352',)",83766-7318,2027AK 16U 7151
"Abbott, Gina",498-454-8276x9459,alicia43@example.net,Patton-Owen,Immigration officer,260191945.30121657,"('532-01-7960',)",06400-3085,2030AS 247 RQD
"Gonzalez, Jennifer",663.356.8962x53932,jacksoncrystal@example.com,Delacruz Inc,Regulatory affairs officer,662433214.932367,"('860-07-1378',)",94524-2649,2026PA PJD 622
"Sosa, Daryl",3637070237,klinealex@example.org,"Jackson, Weber and Johnson","Therapist, music",1598362473.3468254,"('427-54-8526',)",14898-5204,2028KS 152 II4
"Cook, Thomas",351.743.1696x0663,stewartdenise@example.com,"Morgan, Douglas and Green",Trading standards officer,1714818304.5018868,"('440-05-9221',)",01188-2645,2029LA H68 5FR
"Mullins, Bobby",576-884-4844x6806,pamela09@example.net,Sexton LLC,Architect,764910581.8649111,"('668-99-8475',)",15614-6055,2023ME 7429 HP
"Fox, Carolyn",484.861.2313,njordan@example.com,"Perez, Price and Webster",Event organiser,1203255033.8704023,"('274-25-8099',)",93972-8661,2028NC 035HCQ
"Wilson, Kayla",001-269-492-2818x02338,jennifer87@example.com,Jones Ltd,"Doctor, general practice",606115053.3280759,"('385-55-8709',)",71826-8836,2025MN IDC 330
"Beck, William",(850)252-7479,tflores@example.net,Perez-Powers,"Administrator, sports",380515517.7871773,"('020-15-3410',)",02251-6162,2024VA 26T-UVDO
"Pope, Michael",227.290.4385,timothy47@example.com,Davenport and Sons,Social researcher,1536160284.2759917,"('671-97-1867',)",74313-0401,2023NV 1-W3722
"Roberts, Matthew",995.279.0862x9196,taylorrhonda@example.com,Carr LLC,Therapeutic radiographer,948289027.5292605,"('443-05-7104',)",33969-3172,2027IL 9N 08262
"Chase, Jacob",713.236.2086x211,wlozano@example.org,Krueger-Roberts,"Merchandiser, retail",68822282.14418472,"('196-34-8914',)",85370-3127,2024LA 000 9670
"Deleon, Nathan",785-426-7893x70407,chambersjohnny@example.com,Cox-Hardy,Youth worker,1476136220.2052186,"('472-48-4310',)",75541-4007,2030MI MDQ 045
"Jordan, Victoria",(686)430-6343,johnsonlorraine@example.com,"Richards, Lowe and Wallace",Agricultural consultant,1494458824.1166983,"('073-61-3472',)",62176-8873,2026PA I58-81N
"Stuart, Steven",001-435-583-0701x81652,garrett19@example.com,"Thompson, Williams and Kerr","Designer, jewellery",1622322139.338051,"('878-85-2713',)",57824-1491,2025RI 8B A5362
"Duffy, Todd",865.642.1767,vargasashley@example.org,Gross-Thompson,"Surveyor, quantity",95033126.7644641,"('580-40-2045',)",40214-7240,2027MD Q64 3OJ
"Parks, Micheal",+1-783-297-5310x9555,carolcosta@example.org,Mcdonald-Warren,Equality and diversity officer,1548694421.2541642,"('156-38-0925',)",45565-1354,2027SD 145-OET
"Ortega, Julia",+1-559-446-4191x456,taylorjohnson@example.net,"Hunt, Miller and Le",Health promotion specialist,1441618084.473559,"('875-72-9829',)",81205-1294,2027KY XDV 121
"Ward, Isaac",7244298263,karen90@example.com,Barber Inc,"Administrator, local government",28109465.250840146,"('106-55-1152',)",62039-4446,2024AS ZTY 312
"Smith, Paul",(322)356-1503x9396,brownbenjamin@example.org,Thompson-Thornton,Claims inspector/assessor,315046795.95479876,"('269-05-6741',)",01336-7884,2028GA 35J 1814
"Moore, Michelle",547.867.4271x8052,elizabeth58@example.com,Marshall-Cunningham,Chartered legal executive (England and Wales),1744730497.2057877,"('433-79-9942',)",18270-1630,2024NH HQH 922
"Miller, Kimberly",919-200-0041x387,rallen@example.org,Mcdonald Ltd,Armed forces technical officer,1104223239.8019319,"('210-96-8923',)",38300-5704,2025PR 3FAV 24
"Winters, Benjamin",(905)222-2374,dhubbard@example.com,Christian-Parker,"Librarian, academic",127529074.38813163,"('716-97-7732',)",27652-4683,2026OR 669 GDI
"Hunter, Meagan",367.347.5146x437,josephflores@example.com,Bailey LLC,Sales promotion account executive,52456769.60644823,"('527-35-1364',)",21705-5724,2023AL 98Y W84
"Henry, Joseph",3435144950,ahamilton@example.com,Smith and Sons,Mudlogger,1150991855.164551,"('304-16-1980',)",49171-7776,2026ND KZC 467
"Hunt, Courtney",704.802.0087x781,lisa69@example.com,"Prince, Leonard and Adams",Museum/gallery curator,820849295.4234756,"('798-35-4689',)",66415-8069,2024AZ 4G 2850J
"Thomas, Sarah",2523711040,williamstheresa@example.org,Horne and Sons,Planning and development surveyor,605569220.4580923,"('147-70-7498',)",76899-5232,2024LA 0G 4V9GQT
"Valdez, David",001-484-224-5617x3666,qharvey@example.net,Wells-Hooper,Health and safety inspector,1189339541.9205334,"('077-80-4359',)",32098-3022,2025DE 100-YIB
"Alexander, Bradley",(362)703-1013x7890,lisa43@example.org,Lopez Inc,"Scientist, forensic",428096967.15097326,"('515-18-6123',)",76872-2045,2029AS 172-DIF
"Williams, Stacey",2285574742,ochoarobert@example.com,"Mayer, Taylor and Williams",Drilling engineer,315922722.65611017,"('197-24-0114',)",53492-7399,2027PR 132261
"Abbott, Chad",687-864-8578,christopherwhite@example.net,"Brown, Clark and Lopez","Editor, commissioning",1460993074.9449658,"('381-60-9895',)",83625-8590,2024NE 83H B42
"West, David",271.969.8783,michaelwilliams@example.com,Patton LLC,Applications developer,1699423868.6711094,"('199-74-7808',)",48859-0592,2029SD RYV 561
"Todd, Peter",981-603-8764x4404,justin99@example.net,Thompson-King,"Engineer, communications",1182469184.9415505,"('748-15-6756',)",50255-8194,2026CT 6WS 888
"Pham, Christopher",236-330-1217,annacox@example.net,Dominguez-Barry,"Scientist, clinical (histocompatibility and immunogenetics)",1234355049.2102237,"('659-81-0515',)",61761-5973,2026AK 067 HWY
"Conley, David",001-808-453-8684,benjaminmaynard@example.org,"Johnson, Rhodes and Schultz",Medical physicist,469336796.9770751,"('887-56-9197',)",65171-7699,2029GU 5TQ 973
"Hester, James",(853)230-3379,benjamingray@example.org,Hernandez Inc,Interior and spatial designer,573013158.8611852,"('158-73-0988',)",45903-0278,2029NH 5-2205Z
"Mcmillan, Edward",547.314.8510x354,mcdonaldanthony@example.net,"Keller, Bryant and Zimmerman","Conservator, furniture",1592706126.41541,"('842-92-2582',)",22850-4242,2025AR IJB-005
"Wells, Mark",585.351.4171x36063,maria05@example.org,Campbell-Ramsey,Careers adviser,697178491.5147952,"('252-30-1128',)",98368-3149,2023LA 6-U3897
"Burns, Peter",475.279.7108,steven01@example.com,"Nolan, Haas and Hunter",TEFL teacher,1229202349.3774176,"('631-44-2693',)",30401-1918,2028IA 499AFV
"Porter, Tammie",(657)796-9305x896,youngjames@example.org,Morris Group,"Engineer, electronics",1760281438.1322067,"('575-18-5114',)",04310-0426,2027SD 064 PTX
"Frost, Amanda",308-716-9766,sherryrush@example.org,Reeves PLC,Higher education careers adviser,1165598108.3257086,"('040-26-6928',)",57454-2475,2026MO 9-65202
"Wilson, Erin",893.370.9974,elewis@example.com,Owens-Miller,Learning mentor,1542744801.277701,"('811-53-5180',)",11156-9843,2028ND 555 ZWF
"White, Donald",(731)697-7412x1594,donnagonzalez@example.org,Holland LLC,Visual merchandiser,1378284317.5206358,"('533-24-6965',)",65557-9756,2023AR 10C-DOSB
"Silva, Leslie",3775575448,kbaker@example.net,Robbins-Johnson,Mudlogger,28751811.005024895,"('531-52-2370',)",98584-2777,2030IL Z33 1NL
"Long, Angela",+1-753-503-9518x7633,chancindy@example.org,Kirby-Schultz,Oceanographer,873511797.0505346,"('641-03-4761',)",97437-6475,2023MO DP1 0958
"Dominguez, Ryan",(366)208-5866x285,patrick37@example.com,"Schaefer, Patterson and Lopez","Chemist, analytical",256790289.26171145,"('360-51-1987',)",00936-7137,2027CT 5HD 475
"Johnson, Anthony",(579)361-4527x65370,bridget46@example.net,Reynolds-Carey,Make,771780340.786261,"('660-74-3295',)",73840-0313,2025NM HBP 155
"Torres, Robert",(549)602-3077,ualvarez@example.net,"Martinez, Matthews and Pace",Cartographer,342659477.28262043,"('038-41-1894',)",34237-7571,2028IL CVL-190
"Williams, Anthony",+1-597-397-3457,hunter12@example.net,Clark Ltd,Commercial horticulturist,404139336.01767915,"('354-17-8798',)",66919-6200,2027MP 03-P895
"Pope, William",+1-968-576-9245,davidferguson@example.org,Johnson-Patton,"Merchandiser, retail",1181479523.6239185,"('221-39-8177',)",96359-7812,2029ID 233-TMP
"Hayes, Darren",001-862-354-1846x40244,qbrock@example.org,"Green, Taylor and French","Journalist, broadcasting",1561438125.1063025,"('151-87-8430',)",97676-0343,2026WY 2EZ 083
"Garcia, Diane",(551)821-3057x7203,oparker@example.com,"Mason, Webster and Jones",Astronomer,1077855834.2102997,"('764-47-8831',)",85496-3465,2027IN 57L 582
"Gonzalez, Richard",(856)588-4691,joshuazavala@example.com,Taylor-Rodriguez,Glass blower/designer,28785966.569798194,"('309-60-3133',)",47966-6846,2026WI 3G 3758K
"Mahoney, Jay",+1-280-826-1156x1236,anthony40@example.net,Mcclure-Valdez,Ambulance person,411540594.5160548,"('144-71-4754',)",91228-1983,2025WY HKI 347
"Cuevas, Timothy",+1-706-897-5544x554,gsmith@example.org,"Griffin, Grant and Taylor",Logistics and distribution manager,561305365.8774033,"('743-61-2722',)",25121-6043,2030NJ 692 SKZ
"Olson, Robert",+1-378-868-1875x36458,smithkaitlin@example.com,"Oneal, Mcdonald and Reilly","Exhibitions officer, museum/gallery",1651722372.5339506,"('090-03-6006',)",16059-6032,2026WV QDA 621
"Jackson, Maria",001-555-370-3940x268,aprilmiller@example.org,"Sanchez, Aguirre and Phillips",Leisure centre manager,463729467.2073631,"('303-74-7904',)",15285-9962,2028SD 993-QUR
"Abbott, Jennifer",(595)673-6964x684,leonardkimberly@example.com,Reyes Ltd,Environmental education officer,508817066.9308483,"('289-33-0779',)",94131-6470,2023PW K28 0GW
"Rice, Holly",600.247.7998x51610,pwatson@example.com,Ross Group,Artist,1153402276.770303,"('798-18-3557',)",25676-9802,2026MO 440 9OU
"Brown, Amanda",+1-356-625-0195x5878,huntercharles@example.com,Davis-Phillips,Museum/gallery conservator,616297036.548377,"('380-90-5279',)",32108-0016,2025NC 885-FLHO
"Johnson, Jorge",001-574-764-6084x428,hjohnson@example.net,"Delgado, Daniel and Park","Civil engineer, contracting",54169977.16110132,"('676-11-9095',)",17094-4599,2025AK 072-BNZ
"Cross, Kathleen",932.838.3674x75211,eford@example.org,Larson-Meyer,"Designer, industrial/product",960029299.8591411,"('165-51-7177',)",47912-5652,2023NE 303-161
"Whitaker, Victoria",+1-627-598-7560x82840,alexisowens@example.com,White Inc,Higher education lecturer,1033692656.779595,"('614-51-2588',)",68650-0828,2029LA 28M YW4
"Orozco, Veronica",525-778-4452,zamoramichelle@example.org,Davis PLC,"Surveyor, building control",145897764.90499538,"('460-56-8857',)",92243-2754,2025ND HJB-609
"Yates, Jessica",935.871.3107x843,daniel88@example.com,Snyder-Crawford,Operational investment banker,1277864482.2390678,"('693-62-8932',)",89555-7652,2027CT 3DN9843
"Phillips, Jacob",587.854.7871x1907,petersonjennifer@example.org,Harper PLC,"Librarian, public",70133665.69240873,"('495-47-6112',)",64078-6308,2027IA G79-33R
"Smith, Christopher",(733)584-9966x9119,charlesmaddox@example.com,"Davis, Salazar and Taylor",Phytotherapist,1242244477.635725,"('008-01-1012',)",28963-1142,2024RI JGR 849
"Frank, Paul",(719)996-0957x48910,ryanjose@example.net,Rodriguez-Franco,Interpreter,202459178.35992873,"('650-31-9879',)",82117-3857,2029NH 76-61150
"Jones, Cheryl",(732)418-8656x238,olsonjames@example.org,"Smith, Smith and Newton",Cytogeneticist,1601312843.9769802,"('674-74-6986',)",47146-9492,2030WA WAN1946
"Yates, Ronald",001-982-596-3485,zjenkins@example.net,Welch Ltd,Immigration officer,464737157.0638218,"('124-75-2218',)",41773-9290,2023TX 5ZO6156
"Pitts, Alexandra",532.357.1912x3353,mary15@example.com,Walsh-Kramer,Politician's assistant,159005825.74983296,"('408-62-5391',)",22420-7987,2030OH OGZ 438
"Williams, Emily",350-615-1186x515,thompsonlindsey@example.net,Wolf and Sons,Corporate treasurer,1538360478.67781,"('854-78-9990',)",26004-4887,2027MI RVD-834
"Reeves, Jonathan",001-877-231-2830x6550,smithdesiree@example.com,"Chapman, Blackburn and Richardson",Communications engineer,972026542.6996634,"('355-14-7173',)",12857-4188,2030ND 58H S82
"Bond, Joshua",(989)768-5127x323,usmith@example.com,"Grant, Bell and Powers",Primary school teacher,1033916190.2453322,"('332-63-4647',)",59230-3236,2029NV 1SV A84
"Palmer, Amy",001-568-259-6476,lclark@example.com,Sharp-Price,Physiotherapist,1020400013.7729442,"('854-61-2292',)",92199-5739,2027AZ IOR-5595
"Swanson, Caleb",457.583.9602x2265,lambertashley@example.net,Holland-Turner,Geographical information systems officer,361694896.79294264,"('600-09-3101',)",20078-7598,2030OK 55J 648
"Mcclain, Alan",+1-876-622-2095,susanvelasquez@example.com,"Crosby, Sanchez and Craig",Armed forces logistics/support/administrative officer,360477414.34134936,"('606-32-8170',)",19090-3203,2023MI 7MTC861
"Jimenez, David",724-973-0774,erin86@example.com,"Stewart, Williams and Allen",Hospital doctor,1107505555.7115853,"('557-09-2479',)",20705-8064,2026VI QHZ-671
"Pearson, Justin",(402)246-5809x5321,justin15@example.com,Braun Ltd,"Civil engineer, consulting",1036873804.1639905,"('837-82-0186',)",88287-2749,2024PW DVQ-8777
"Carter, Alexandra",(498)907-8406,cmartin@example.net,Mejia Inc,Television production assistant,481172620.5208799,"('686-75-2781',)",03731-2123,2023WV 4UZE 64
"Hernandez, Kathryn",932-211-1285x4096,simpsonsarah@example.org,Lewis-Thomas,"Conservator, museum/gallery",1053922094.1925632,"('339-03-7806',)",80082-2105,2026NJ 229 NWT
"Henry, Lynn",+1-643-581-3159,tony57@example.com,"Dixon, Sheppard and Moore",Computer games developer,1118637419.9584777,"('239-41-3253',)",32614-4067,2025NC 945Y4
"Villarreal, Brittany",(387)519-5604x035,jenniferrussell@example.net,Mathis Ltd,"Psychologist, prison and probation services",720295067.6691886,"('247-36-0831',)",74949-1017,2023IA 50H W32
"Dominguez, Jacob",(996)790-4912,ramirezjohn@example.org,Baker PLC,"Therapist, occupational",1419107563.3234632,"('076-70-1827',)",86004-6105,2026OR 1680
"Cook, Samantha",+1-445-294-9331,davidwood@example.net,Crawford-Green,"Teacher, English as a foreign language",740496103.3157529,"('542-26-2563',)",90389-7951,2025NH SJ9 S8T
"Davis, Katherine",318-598-3479,brandymeyer@example.org,"Avery, Huerta and Finley",Further education lecturer,929738182.2220738,"('154-09-2816',)",48514-1844,2030TN GGB P28
"Newman, Jared",001-688-525-7604x3287,njohnson@example.org,Morales Group,Forensic psychologist,609231238.6292411,"('371-31-2493',)",92710-5859,2026NJ WUS 009
"Byrd, Lauren",808.362.8157,samantha72@example.com,"Campbell, Gutierrez and Rodriguez","Teacher, special educational needs",1565683729.467375,"('398-87-1385',)",55123-3692,2023CO 17E 788
"Meyer, Raymond",560-737-0006x137,rebeccataylor@example.net,"Stephens, Harmon and James",Chief Executive Officer,387583712.9780436,"('167-04-8332',)",91359-4979,2027MT 94A S09
"Castillo, Robert",483-858-9045x055,paula41@example.net,Phillips Group,Industrial buyer,853130773.5725086,"('236-52-1579',)",79390-3462,2029HI 941-DOK
"Savage, Amy",562-411-1533x937,jamescardenas@example.net,Stewart-Allen,"Surveyor, insurance",151882243.38849515,"('630-81-5473',)",19988-7202,2023NY 290 CC9
"Montgomery, James",245.852.5532x888,lisa80@example.com,Chang PLC,Dentist,666650406.3028992,"('603-72-8666',)",07194-6498,2030UT 0QP Z24
"Fuller, Danielle",908-234-2750x40795,jholmes@example.org,Waller-Cruz,Chemical engineer,584589931.8325757,"('867-51-2895',)",84333-9500,2030IL 794982
"Carney, Brenda",4244347371,trodgers@example.com,Griffin-Peck,"Therapist, horticultural",859374231.5217078,"('833-45-7516',)",26914-1759,2024DC 81N J89
"Bush, Levi",(602)319-2761,christopher28@example.com,Thompson LLC,Careers adviser,188120735.42058083,"('681-43-5616',)",33581-9278,2028PA 1X 1Q3HOW
"Moore, Rhonda",+1-911-652-1535x15584,mgomez@example.org,Chambers-Peterson,"Teacher, special educational needs",420565630.6088532,"('807-02-2972',)",33754-7154,2025PR KYB2236
"Allen, Rachel",(405)770-8838,barnesjennifer@example.com,"Sharp, Wilson and Chandler","Scientist, biomedical",1077559024.306319,"('384-82-2944',)",44348-2721,2024AZ ZKJ 572
"Johnston, Christine",472.714.3293x3942,richardszachary@example.com,"May, Austin and Dominguez",Operational researcher,983605723.0438582,"('864-56-8036',)",06082-4798,2026PR VMR-4040
"Jarvis, Kristin",(573)672-1902x9541,kaitlyn77@example.org,"Jackson, Perkins and Gibson",Government social research officer,329099173.1774596,"('825-04-1517',)",87011-7069,2027CT 998 7TM
"Navarro, Brandon",(300)969-9014,millerjonathan@example.org,Sexton PLC,Television production assistant,1127091739.005786,"('568-76-9984',)",33345-9202,2030NV CGK G33
"Evans, Diana",241.916.3139x449,brandilane@example.com,Roberts-Brown,Housing manager/officer,1429638583.9821982,"('737-52-0708',)",13325-7931,2023HI 279 BUI
"Fernandez, James",(758)446-1288x54070,danielsaaron@example.org,Wagner-Patrick,Commercial art gallery manager,1640291026.6203737,"('281-78-4194',)",76330-8146,2028AR 146 ZUB
"Wade, Matthew",509-303-2470x42563,carlaanderson@example.net,"Garza, Roberts and Ramirez",Early years teacher,1321455065.2021873,"('871-64-6158',)",32565-6709,2028NE KKU 935
"Hunt, Christina",(789)498-7657x854,morrisondeanna@example.org,"Smith, Adams and Roberts","Lighting technician, broadcasting/film/video",698237148.8885907,"('534-82-5338',)",25472-6731,2026IN 199 ZWF
"Murphy, Julian",698-915-0323x419,aprilrush@example.com,"Flowers, Anderson and Hodge",Patent examiner,217181832.7866866,"('246-78-2497',)",64009-4507,2028VI 322 OPN
"Harvey, Jonathan",301-928-5403,moniquesmith@example.org,Harris PLC,Food technologist,1151918516.9435053,"('750-94-2630',)",21838-9073,2025TN 903 SVH
"Newton, Kelly",471.249.9812x763,denise81@example.net,Delgado-Craig,"Social research officer, government",1091939371.7672045,"('391-04-1201',)",51376-3436,2027DE 242MCK
"Odonnell, Brianna",8532001836,craig52@example.org,Bennett PLC,"Radiographer, diagnostic",357875011.5048877,"('773-49-8743',)",16842-0106,2029AK 721 HYE
"Morrison, Alexis",(250)893-9247x71283,richard81@example.com,Garza-Cook,Speech and language therapist,1520698707.4316626,"('587-50-1527',)",02518-0252,2023AS 06CU326
"Swanson, Charles",(664)488-4938x3502,tylerclark@example.com,"Henderson, Smith and Hernandez",Charity officer,1059102683.3081342,"('675-92-0162',)",11536-3221,2026AL MZX 186
"Smith, Daniel",347-662-2236,christopherwallace@example.net,Cooke Inc,"Nurse, children's",1272418450.7436016,"('587-08-6375',)",15727-1382,2026NJ 969 EZS
"Bautista, Alex",590-558-6481x886,evalenzuela@example.net,"Wilson, Logan and Mcbride",Museum education officer,1194017764.0239415,"('564-18-7133',)",61192-8772,2026OH 55Q H68
"Thompson, Crystal",531.907.4241x599,williamgreen@example.org,"Rodriguez, Bray and Valencia",Retail buyer,168748561.28058282,"('367-93-9914',)",68003-8509,2028AR 008 OGM
"Wilson, Jessica",001-829-282-7656x59698,luke80@example.net,Silva Ltd,Barista,1020388660.7911907,"('088-71-5996',)",97867-9334,2029ND O81 5VY
"Camacho, Pamela",820.385.2808,gilmoreamanda@example.com,Johnson LLC,Accommodation manager,1194020878.9128394,"('333-13-6381',)",82602-7244,2030HI 0-M3833
"Patel, Amanda",001-229-551-2980x61343,william78@example.org,"Flores, Wade and Lewis","Accountant, chartered",29275363.697285447,"('704-78-1532',)",40934-5951,2029SD 990-BSOO
"Jones, Melissa",306-312-3460,ymorris@example.com,"Jones, Perkins and Molina",Location manager,756836290.2243987,"('584-73-1209',)",38847-3444,2023VT 658-AND
"Campbell, Jessica",2939349919,ericprice@example.com,Pineda LLC,"Copywriter, advertising",602812347.686153,"('338-77-7111',)",11055-3921,2030MA D11 8SS
"Peterson, Deanna",312-772-7200,brockyolanda@example.com,Gonzalez LLC,Soil scientist,507419351.55500597,"('814-76-4732',)",87627-3074,2028ND KAR 421
"Alvarez, Susan",846.351.3568,dianesims@example.com,"Armstrong, Jones and Lopez",Education administrator,119788073.35645413,"('139-55-8097',)",83081-2840,2026CA PI 8474
"Castro, Ricky",877-710-2199,jamesboyd@example.org,Butler Group,"Librarian, academic",1088158905.2923334,"('696-30-8161',)",06613-9039,2029ND 44I 456
"Murray, Alyssa",2698370520,jle@example.net,Carter-Hines,Diplomatic Services operational officer,772264901.224954,"('598-37-7105',)",01292-1403,2030NE 822-OFX
"Moore, Dean",+1-642-884-4808x71871,harold17@example.org,Perez Group,Recycling officer,1297887461.1651418,"('593-55-1212',)",47796-3042,2026TX 03-23575
"Jackson, Ashley",+1-980-408-8064x33329,zking@example.com,"Cooper, Middleton and Harding",Aid worker,6701634.726348764,"('168-03-2828',)",86994-3108,2029MT JCK9858
"Kramer, Billy",001-722-440-8914,melissa05@example.net,"Schultz, Sampson and Hicks",Speech and language therapist,1016577219.560849,"('444-96-7912',)",83167-9208,2026NE AIL 1543
"Lam, Madeline",+1-902-295-6308,owilson@example.org,Francis LLC,Retail buyer,361234482.882511,"('085-07-0350',)",82389-7930,2029WY JXN-1263
"Gillespie, Thomas",+1-309-590-1740x89796,kim39@example.org,Wells-Lewis,Broadcast presenter,576090802.8081529,"('887-76-7199',)",60697-1912,2029NC 36J 6256
"Avila, Scott",001-651-905-7018x207,andrew76@example.org,Perry-Perkins,Civil Service fast streamer,1283234777.818298,"('505-41-6835',)",28022-1871,2027TX O88 4NG
"Perez, Nathaniel",+1-517-359-5825x3660,tmassey@example.net,Mcfarland PLC,Technical author,654833640.4378088,"('807-98-9178',)",78863-7528,2026UT I 139846
"Davis, Tiffany",001-613-311-8902x56949,sellersmike@example.net,"Barnett, Rodriguez and Burns",Medical physicist,1545521205.062,"('041-84-4084',)",12350-2901,2028MD JVR-829
"Gonzalez, Brenda",4066967728,ashleylamb@example.com,Diaz LLC,"Optician, dispensing",1245813807.1584182,"('008-26-5014',)",03014-7289,2025NJ GNX 884
"Rodriguez, Jennifer",(671)475-2151,ualexander@example.org,Lam-Lutz,Textile designer,668693173.3088498,"('190-74-5452',)",37288-8813,2023FM 985-CIF
"Walker, Kathryn",001-746-994-8883x46199,maryleach@example.com,"Griffin, Brooks and Miller",Glass blower/designer,12297021.98576533,"('075-37-0260',)",33664-5158,2028IA 498ACQ
"Morris, Robert",672.538.9768x934,justinyang@example.com,"Wade, Juarez and Bailey",Race relations officer,128396292.61336069,"('847-27-9702',)",98294-3910,2030WY 21-1885X
"Ross, Adrian",001-825-948-2374,betty74@example.org,Lee-Gray,Theatre stage manager,1059451334.1550914,"('250-39-4099',)",20399-0309,2030WV 1T 0T4IOT
"Richardson, Barry",686.316.5812,charlottebrown@example.org,Thomas-Jackson,"Psychotherapist, dance movement",30553559.352942012,"('626-71-1051',)",99663-8137,2030GU KLC 751
"Choi, Amy",735.585.6038x223,kristy33@example.com,"Hunter, Green and Werner",Chief Marketing Officer,689393465.9904088,"('128-68-9478',)",61434-6377,2025UT 392Y
"Buck, Jessica",+1-675-405-2254,williamschultz@example.com,Smith LLC,Animator,1037631140.5977682,"('381-59-9479',)",40080-3845,2029DE 5VW 787
"Taylor, Jessica",731.851.6837x63461,hudsonbarbara@example.com,"Herrera, Mcclure and Andrade",Animal nutritionist,203719827.2026367,"('668-96-5867',)",99430-5118,2029AS 149-HDJ
"Martinez, William",452.246.0808x7161,rgates@example.org,"Kennedy, Everett and Nelson",Environmental education officer,310594013.0645797,"('677-65-6444',)",60991-7512,2029GA 270 RHJ
"Davis, Katherine",+1-509-696-3655,xsimmons@example.net,Salazar-Nelson,Medical laboratory scientific officer,266792039.47114024,"('240-24-7328',)",47375-1657,2024IN 641VVP
"Hartman, Daniel",001-551-499-7042,chrisjohnson@example.net,"White, Shaffer and Mckinney",Pension scheme manager,1590308026.8230703,"('584-32-9809',)",16562-4555,2029MS RUK-935
"Patrick, Vincent",001-208-424-2041x234,ashleyballard@example.com,Valenzuela Ltd,Software engineer,1340966993.5658379,"('558-24-1459',)",85625-5381,2027WY HSS 790
"Valencia, Allison",647-405-1313x782,denise42@example.net,"Roberts, Woodard and Johnson","Copywriter, advertising",713199207.1808528,"('562-03-1354',)",45286-5390,2029DC ZFC 057
"George, David",+1-390-399-8643,juanwilson@example.net,Larsen and Sons,"Therapist, music",1246662363.8029172,"('719-73-3086',)",73462-1062,2023NV 7-6838Y
"Perez, Andrew",447.841.9311x1023,darylho@example.com,Gardner Ltd,"Therapist, art",1387977728.4831457,"('313-50-5764',)",49614-8679,2030CT ARI 021
"Lambert, Allen",+1-833-988-6707,sydney34@example.com,Lee and Sons,Banker,726411120.4939243,"('487-76-8061',)",69161-0655,2023PR 43-5428D
"Riley, Benjamin",985-956-8000x68693,tranronald@example.net,Bartlett LLC,"Clinical scientist, histocompatibility and immunogenetics",1002523547.2365435,"('362-89-7974',)",92388-7410,2029AK RHE 589
"Ford, Tiffany",(689)210-4429,jamesharris@example.net,Reyes and Sons,Field trials officer,1346470323.671542,"('057-78-6723',)",13336-6139,2025AK 559-NLB
"Oneal, Crystal",822-436-2404x916,ruizrebecca@example.org,Cruz LLC,Immunologist,847418057.9315172,"('795-76-5777',)",86428-7728,2028WA 7BF2077
"Gilbert, Robin",+1-203-279-1470x915,ariasedwin@example.com,"Campos, Grant and Ramos",Charity officer,1569637057.8146322,"('294-80-7747',)",56109-0871,2030NH KQQ 338
"Adams, Leslie",915.239.5640x9154,rachelgallagher@example.org,Sanchez and Sons,Agricultural consultant,888630094.7252965,"('435-26-5423',)",48254-6551,2024FM 2-A4520
"Sosa, Rebecca",3328761055,jennamiller@example.net,"Mckenzie, Reese and Montes",Higher education lecturer,1426599577.912488,"('364-11-7552',)",47278-0129,2027VI TJP5422
"Myers, Daniel",001-599-246-8887,alvarezlarry@example.com,Jones PLC,"Programme researcher, broadcasting/film/video",1435614209.2990065,"('869-29-7292',)",96625-3890,2027GU 485-QCJ
"Moore, Taylor",9442169824,jadehammond@example.net,Wilson-Johnson,Web designer,1346944328.9963996,"('605-63-5919',)",10884-5019,2024AS 3VE4429
"Yoder, Timothy",001-341-430-1009,vincentsimpson@example.net,Lucas and Sons,Visual merchandiser,1242116496.4669452,"('537-19-3404',)",96875-4220,2023OH 7SH S34
"Williams, Debra",(233)682-3158,fsnyder@example.org,"Dixon, Brown and Reed",Glass blower/designer,185624378.2778008,"('661-82-6312',)",19504-9028,2027SD KYC 180
"Hardy, Kevin",(305)241-5641x79841,brandon87@example.org,Poole Group,Trading standards officer,1553433365.2317164,"('514-16-3280',)",94943-4547,2027NJ MTT C03
"Harper, Martin",657.701.3178,todd45@example.org,Stone-Ross,Physiotherapist,1374159802.4102986,"('082-14-2039',)",38120-1410,2029FL 813-FEZ
"Rocha, Colin",664-265-6059,jenniferhernandez@example.org,Rodriguez-Bailey,"Engineer, land",147813111.70932952,"('473-17-0247',)",90292-5413,2023UT TKY9177
"Lara, Donald",(620)392-0412,amy59@example.org,Davis-Morales,Stage manager,129108002.76937164,"('113-23-2422',)",47843-4662,2028PA PXM 337
"Mendoza, Laura",(652)610-0878x506,greendavid@example.net,Hernandez-Haas,Furniture designer,181294776.8730972,"('831-23-2197',)",14668-8872,2026MP O35 6QI
"Casey, Richard",+1-687-894-2880x5745,zavalabrad@example.org,Williams LLC,"Scientist, marine",206397295.29599077,"('864-04-2480',)",70745-8701,2027WY 816 RDU
"Peterson, Elijah",(907)273-2109,reneelynn@example.com,Brock PLC,Magazine features editor,1309333269.3166285,"('674-15-5818',)",02778-2217,2030KY LJS 337
"Jarvis, Linda",+1-808-541-0875,summerslisa@example.com,Carpenter and Sons,Youth worker,715523620.119119,"('272-60-2652',)",46526-0140,2030PA 19-JI57
"Booker, Robert",001-736-498-1108x203,emoore@example.org,"Hendricks, Reynolds and Stephens","Scientist, research (medical)",592474745.989977,"('417-20-8679',)",93413-7851,2024IN ME 3009
"Walker, Ashley",956-997-3666,christopherestes@example.org,"Davidson, Sampson and Johnson",Hydrographic surveyor,1315791984.8792508,"('471-66-2672',)",28571-3836,2030ID LCH-2123
"Carlson, Cheryl",658.418.2543x88111,gonzalezcynthia@example.net,Bright and Sons,Furniture designer,678387343.5142351,"('226-36-0642',)",95480-7560,2029NJ 707-OZN
"Martin, Jason",001-956-988-5478x815,douglas75@example.net,"Williams, Martin and Cuevas",Insurance broker,186152235.44155023,"('886-92-5742',)",20695-3047,2024KY 23MH036
"Dixon, Benjamin",001-749-875-0216x70065,xcarr@example.org,Webb-Little,Colour technologist,1396842916.0507581,"('317-63-5000',)",35913-3416,2028MN 79SC378
"Taylor, Hannah",+1-483-756-7061,darren84@example.com,Wiggins-White,Technical sales engineer,1190107875.771398,"('890-25-7284',)",35647-2801,2026PR 870VVY
"Romero, David",+1-392-886-2174x00869,wfriedman@example.net,"Norton, Smith and Bennett",Armed forces training and education officer,1142905307.5219676,"('740-23-2829',)",05553-3626,2025MH 082Z8
"Morales, Rachel",504-867-8804x899,charlesandrews@example.net,"Stewart, Long and Knight",Financial risk analyst,40870557.160438806,"('459-18-0999',)",42679-3255,2027KY 55C 998
"Hartman, Jessica",9725830633,wellsmelanie@example.org,Russell-Greer,"Lecturer, higher education",872926884.9225974,"('344-76-3039',)",59853-6600,2028GU HIF-718
"Anthony, Michael",+1-515-824-7391,haroldeaton@example.org,"Cabrera, Marsh and Camacho",Early years teacher,703404444.6592206,"('771-68-5001',)",59245-4201,2026MT LKA 125
"Perry, Jonathan",798.200.6731,vchang@example.org,Berry Group,Television/film/video producer,959011078.3057851,"('045-05-8774',)",19264-3817,2025VA DTM 583
"Escobar, James",+1-526-207-6510,webbchristopher@example.net,Reyes-Davis,Further education lecturer,515230245.48095214,"('176-21-9912',)",14381-2988,2025WI MOI 094
"Brooks, Christopher",455-253-9017x18654,richardclark@example.com,Ali LLC,Private music teacher,1085338655.760555,"('749-22-0867',)",14935-6995,2027SC 618 8670
"Weaver, Carlos",7046081257,daniel01@example.net,Campos and Sons,"Engineer, maintenance (IT)",1083588839.5599604,"('077-44-5484',)",15843-5509,2027VA RWB-0056
"Rodriguez, Joshua",001-710-527-6447,rogersmark@example.net,Adams Inc,Engineering geologist,137148980.66680786,"('746-02-1411',)",83584-9124,2029AZ 621-HEDF
"Mullins, Lisa",(829)217-1629,jacqueline47@example.net,Merritt and Sons,Hydrographic surveyor,1531301598.675551,"('696-73-4950',)",29516-8248,2030PR VNZ9520
"Garcia, John",(710)451-6740x16235,christopherjohnson@example.com,Campbell-Palmer,Pathologist,599661937.9165606,"('182-87-5154',)",78242-2435,2029KY TKE-7216
"Martin, Brenda",771-702-0628x109,shieldsjermaine@example.com,"Jackson, Goodwin and Moon","Psychologist, educational",1338146748.998193,"('220-22-6445',)",69530-3311,2025MN 59-O210
"Brown, Brian",8776542816,melanie44@example.org,"Williams, Johnson and Macdonald",Ranger/warden,649494434.3841735,"('273-01-3388',)",85640-0816,2025WA SQL-771
"Baker, Laurie",(717)334-8132x9821,klineronald@example.com,Fuentes-Patrick,Artist,259223167.84251663,"('875-22-4271',)",58310-3854,2026NM 9397 VW
"Shepard, Ann",001-669-371-8062x456,christopherperez@example.org,Doyle PLC,Physiological scientist,701648658.667999,"('763-32-6883',)",48626-2609,2023DC 4-60476
"Norton, Michael",601-979-9948x222,joseph46@example.com,"Moore, Berg and Jordan",Telecommunications researcher,387247442.401183,"('278-26-1845',)",55165-8214,2026MD 910681
"Obrien, Brenda",441-363-7918x898,qstrong@example.net,"Myers, Mcclure and Ayers",Haematologist,1143242511.4516084,"('622-70-4933',)",69485-3280,2024NE 880 RRC
"Gomez, Cheryl",001-969-979-5834,grahamjeremy@example.org,Clark Inc,"Investment banker, corporate",748936673.09942,"('316-33-2446',)",92252-9046,2027WV 05-23887
"Burke, Robert",+1-973-967-0795,schroederalicia@example.com,Fisher Inc,Mechanical engineer,19929183.25057446,"('131-47-4946',)",50884-5555,2026ME 046-CEE
"Daniel, Matthew",756-817-7637x83080,kelly73@example.com,"Coffey, Hernandez and Coleman",Holiday representative,1478765456.1123903,"('811-22-0842',)",92601-6777,2025CO 391VLG
"Chen, Sara",(972)400-0868,cbarrera@example.com,Davis-Martinez,Editorial assistant,6759282.141956648,"('755-39-5504',)",12563-6745,2029VT 175 6461
"Moss, Rebecca",+1-322-843-7705x719,glasskari@example.net,Ramirez and Sons,Control and instrumentation engineer,64332788.36398675,"('887-27-8147',)",76575-9081,2030NE UU 6553
"Lawrence, Angela",(945)911-8009,stephenscott@example.net,"Gonzalez, West and Nixon","Physicist, medical",850716498.2021694,"('535-22-3853',)",88976-2802,2028UT 6742 AM
"Valenzuela, David",246.509.3930x44309,kellyvincent@example.org,Rowland and Sons,"Designer, ceramics/pottery",1480386124.4198687,"('774-88-6509',)",03875-2118,2023UT BLS 480
"Sullivan, Michael",(966)581-3755,curtischristopher@example.org,Dodson Inc,"Civil engineer, consulting",1374969924.1682935,"('603-30-6842',)",82842-5380,2023AK 9X RQ687
"Campbell, Austin",(435)752-2641x4354,elizabethrobertson@example.net,Ruiz-Evans,Psychiatrist,1613041330.2932312,"('002-91-0582',)",09383-9908,2030PW J70 8ZH
"Haley, Carla",575.334.6107x698,eferrell@example.com,Cowan-Peterson,Immigration officer,210065267.63021007,"('793-57-6116',)",07575-7079,2025OR 024-TRR
"Green, Gregory",9564900751,marklane@example.org,"Horton, Fletcher and Johnson","Scientist, water quality",1561240708.9653132,"('347-06-8992',)",18840-5159,2025MO 98-K357
"Adkins, Olivia",6509674152,edwardcampbell@example.org,Clark Ltd,"Lecturer, higher education",852305247.39196,"('695-95-4830',)",84213-5027,2024IL 4529 DL
"Jackson, Michael",+1-538-894-7975x2410,ryanperez@example.org,Galloway-Oconnor,International aid/development worker,238973577.138229,"('343-11-8462',)",71118-0326,2028AZ MEX 483
"Smith, Felicia",(765)440-1492,kenneth47@example.org,Bush-Yang,Location manager,71984041.48378432,"('400-06-1236',)",71554-7790,2023UT QEM 434
"Hinton, Lauren",(916)210-8389,silvalisa@example.net,"Johnson, Barron and Sharp",Race relations officer,288127758.9073601,"('655-29-5955',)",57082-0025,2030ND M84 7MP
"May, Emily",363-514-0600x33243,derrick18@example.com,"Smith, Diaz and Patel",Estate manager/land agent,985738803.4428856,"('189-22-5432',)",18824-0701,2026DE 336 USK
"Beltran, Jared",589-957-2257,thomas72@example.org,Alexander-Harvey,Charity fundraiser,1257316626.1656275,"('685-97-6114',)",44737-7395,2030RI 23-9335Q
"Marshall, Luis",+1-853-546-4162,nicholas00@example.net,Gonzalez-Price,"Editor, magazine features",212190462.79739046,"('741-90-3056',)",56792-5163,2023HI Z60-BXN
"Floyd, Debra",(811)799-8227x5438,paul43@example.org,Porter and Sons,Network engineer,752654578.0368639,"('211-20-5536',)",00836-4719,2024MH YK 0373
"Young, Manuel",001-878-691-9295,shane84@example.org,Salazar Ltd,Local government officer,1048800504.5963235,"('454-81-2146',)",26136-1279,2030WA 6-74343P
"Harrington, Joe",5683832414,barryglenda@example.net,Thompson-Gordon,Heritage manager,664472596.0602393,"('772-88-5856',)",07203-1888,2023WI 06-4585U
"Burgess, Jeffery",+1-386-526-3032,vmckay@example.net,"Woods, Williams and Munoz",Barrister's clerk,680914111.0315303,"('521-60-9237',)",40837-8292,2024HI 637 8023
"Phelps, Kelly",(274)759-0448,sandrabrady@example.org,Hernandez-White,"Teacher, primary school",1095828997.41762,"('414-50-3447',)",85043-3165,2029OH PJW4696
"Bradshaw, Mikayla",001-813-777-8547x708,marcus27@example.net,Stevens and Sons,Clinical molecular geneticist,1198303082.4321952,"('649-36-7558',)",70343-0693,2030RI A91 6JN
"Mora, Nicholas",414-771-3209x18794,baxterchristine@example.com,Johnston-Hernandez,"Editor, commissioning",617326906.6588349,"('605-22-1194',)",27699-2793,2028NC 303 INZ
"Schmidt, Alexander",001-961-210-9812x9609,usoto@example.net,Goodman-Buchanan,"Development worker, international aid",1642332236.4618707,"('635-71-7024',)",22464-1590,2024UT 51K•733
"Johnson, Dennis",(913)947-0924,kevin70@example.org,"Kennedy, Evans and Novak","Psychologist, prison and probation services",218804660.2679114,"('757-96-0075',)",45958-1152,2025AR HLN 5273
"Montoya, Matthew",(502)406-2008,christopher35@example.net,Garcia-Hernandez,Information officer,1117107484.304102,"('200-81-4019',)",28472-2756,2030MO LZW 308
"West, Daniel",750.879.2131x5021,coffeykimberly@example.com,"Gillespie, Walls and Harris","Scientist, research (medical)",1744242806.2500248,"('833-62-0180',)",17005-9278,2025DE MPF 516
"Duncan, Jennifer",(309)676-0168x40236,paul84@example.org,"Smith, Navarro and Randolph",Psychotherapist,1008856965.1556332,"('427-62-0480',)",29589-5872,2026PW 142-LAB
"Castillo, Kristen",001-643-732-5633,celliott@example.org,Osborne Group,Interior and spatial designer,1495947769.1473575,"('081-78-4581',)",12830-9497,2026AK 800 PBR
"Todd, Dalton",945.532.5725,conleylucas@example.net,Williamson-Bowman,International aid/development worker,1438607036.5453496,"('637-38-3829',)",75925-7555,2024LA WFE 232
"Smith, Jennifer",7702999597,floreswilliam@example.org,Armstrong-Todd,"Nurse, learning disability",556533000.7263811,"('111-08-0993',)",49029-1149,2024DC 525 2QP
"Leonard, Sandra",001-267-606-6357x792,brownjeffery@example.org,Scott-Barker,Mental health nurse,450110592.4591986,"('530-46-6946',)",15998-9794,2029MD KPN 559
"Bishop, Kristy",940.973.9358,butlercrystal@example.org,"Vargas, Howard and Wang",Broadcast journalist,1572554112.11147,"('238-75-7721',)",24639-0303,2029MP 60-7985W
"Newton, Linda",330.384.9867x4870,jessicahendricks@example.org,"Hunter, Brewer and Brady",Further education lecturer,872905732.2881942,"('757-98-5109',)",64149-4223,2028AR JRU 028
"Ruiz, Jeffrey",6638508109,rward@example.org,Bridges Group,Counsellor,1070283208.3206954,"('635-84-6919',)",99083-2758,2026MI 954XLD
"Lee, Bonnie",8486026595,sullivanpatrick@example.com,"Gilmore, Bryan and Brown",Counsellor,885212152.7154831,"('271-89-3918',)",04632-3485,2025MS GM-6810
"Hayes, Nicole",3109512834,ecross@example.org,Mitchell-Nelson,Trade mark attorney,91687441.18042772,"('206-16-6353',)",99258-3744,2025IN 227-GYT
"Dudley, Lisa",279-579-6847,awilliams@example.com,Thornton-Horn,Travel agency manager,768809823.6033145,"('452-71-2878',)",57667-3673,2029PA 833 HVK
"Brady, Gregory",(996)769-0252x88512,catkinson@example.net,Taylor LLC,Corporate investment banker,1471141546.578457,"('606-88-9725',)",56640-0724,2029MT 140QI
"Diaz, Anthony",(960)252-9079x5486,rossvirginia@example.org,Pena LLC,Airline pilot,1523359163.812098,"('853-13-9545',)",62606-5568,2023IA NJG 967
"Lewis, Matthew",546-593-7208,robinsonkristen@example.org,"Calhoun, Kaufman and Reeves",Communications engineer,1733985677.3653882,"('692-92-6296',)",57738-6098,2027ND 3868 OZ
"Alvarez, Derek",7058819695,amberrose@example.net,"Larson, Wong and Boyer",Charity fundraiser,1453103708.5415297,"('454-11-8817',)",82660-1692,2027MH 8OK 195
"Kline, Christina",703.788.3970x27686,markmorgan@example.net,Mays-Weeks,Forensic scientist,1213591842.6644678,"('343-65-5674',)",61634-4333,2030OR 2078 ZX
"Odonnell, Amanda",290-589-2111x230,dominicmartinez@example.net,Chan-Glenn,"Investment banker, corporate",747845228.9501853,"('887-03-3741',)",90496-6896,2027WV 483 HAM
"Luna, Stephanie",759-942-7999x776,fostermichelle@example.com,Simon-Thomas,Communications engineer,973711584.3115085,"('543-28-0586',)",38621-0524,2024SD 8854
"Curtis, Timothy",437.790.5244x63326,joshua46@example.net,Brown PLC,Data processing manager,500924727.7983322,"('824-96-7455',)",60734-1557,2028MN 987 FFZ
"Mercado, Anthony",001-577-988-8616,tiffanywilcox@example.org,"Murray, Johnson and Hill",Magazine journalist,413161282.5338058,"('816-67-9840',)",93071-8320,2024PR 329 BYY
"Jones, Kelly",344-776-7331x0446,fjenkins@example.org,Anderson-Wilson,"Designer, ceramics/pottery",1294068033.5946822,"('035-36-5576',)",28851-7135,2026MO 74KD3
"Weaver, Adam",(896)691-9400x9524,wilsonsteven@example.net,York-Gillespie,Community arts worker,1103260530.1450558,"('699-34-9415',)",97901-1710,2023AR B53 8FG
"Hamilton, Andrew",483-845-8075x8214,michellesnyder@example.com,Hunter Group,"Therapist, nutritional",1393671024.2543724,"('471-75-5656',)",17359-6986,2027MO 157-XZI
"Smith, Barbara",276.333.6769,charlesprice@example.net,Case and Sons,Biomedical scientist,785717109.6769608,"('590-60-0820',)",57928-7606,2025MA MGF 179
"Macdonald, Sherry",819.901.4961x44608,shawnroman@example.org,"Shaw, Brown and Martin",Haematologist,639558704.2798611,"('385-27-8792',)",12810-9044,2025TX FH6 0094
"Rogers, Catherine",(468)911-7545,amyjenkins@example.net,"Dunn, Payne and Brock","Engineer, aeronautical",881668643.6436762,"('325-94-0555',)",88084-7728,2028FM 567OKU
"Michael, Christopher",+1-529-496-1657x85841,kelly54@example.net,Rogers-Davis,Systems developer,1089504330.6834025,"('726-49-0778',)",25251-4376,2030LA EVK 977
"Kim, Alexandra",2047190645,jessica87@example.net,"Walton, Garcia and Mcdonald",Quality manager,37378365.46027325,"('302-20-4105',)",16268-3237,2024MI CR5 0446
"Dyer, Steven",+1-893-760-8789x92168,trowe@example.com,"Rodriguez, Anderson and Boyd",Animal technologist,1649920664.8697567,"('572-59-1557',)",99263-9777,2028IL 9-35909T
"Hoffman, Jason",(314)362-8754x4566,sarahlambert@example.org,"Woods, Gross and Owens",Media buyer,1179169969.6732204,"('640-18-8567',)",63537-0651,2024OK KTY 356
"Mcdaniel, Alejandra",(237)641-1784x66615,alvaradosamantha@example.net,Jennings-Ford,"Engineer, broadcasting (operations)",914762896.425497,"('443-67-9684',)",20970-0200,2025MI OS0 9941
"Roth, John",796.364.8125x757,jennifer89@example.org,Bernard PLC,Regulatory affairs officer,1610277087.0110722,"('031-85-4548',)",09799-8964,2023PW VRW 079
"Norton, Tracy",001-223-711-4295,morrisjason@example.net,Travis Group,Statistician,481253867.9779993,"('587-27-9341',)",08948-1786,2027WA QAU 246
"Young, Stephanie",912-390-7190x90444,valdezjesse@example.org,"Johnston, Ibarra and Wilson","Designer, exhibition/display",1438149878.8320904,"('785-06-7696',)",91659-4140,2025FL 7557
"Summers, Susan",4892501629,fieldsgregory@example.net,Allen-Cooley,Museum/gallery curator,1226871336.3694196,"('772-13-1709',)",14049-6087,2030RI KXD-3372
"Benson, Lauren",814.500.1292x677,nrodriguez@example.net,Browning-Key,"Engineer, aeronautical",1027102512.737329,"('386-74-2794',)",95114-9892,2025TN LKQ 386
"Kelley, Janet",926.506.1050x9176,michael68@example.com,Jackson PLC,Adult guidance worker,980373917.3810464,"('023-61-9123',)",95688-7784,2026DE PF9 4134
